COUNTRY,Country_Code,Indicator Name,Indicator Code,Diabetes_prevalance_2017,Population_2017,2017
Aruba,ABW,Diabetes prevalence (% of population ages 20 to 79),SH.STA.DIAB.ZS,11.62,105264,12231.6768
Afghanistan,AFG,Diabetes prevalence (% of population ages 20 to 79),SH.STA.DIAB.ZS,9.59,35530081,3407334.7679
Angola,AGO,Diabetes prevalence (% of population ages 20 to 79),SH.STA.DIAB.ZS,3.94,29784193,1173497.2042
Albania,ALB,Diabetes prevalence (% of population ages 20 to 79),SH.STA.DIAB.ZS,10.08,2873457,289644.4656
Andorra,AND,Diabetes prevalence (% of population ages 20 to 79),SH.STA.DIAB.ZS,7.97,76965,6134.1105
Arab World,ARB,Diabetes prevalence (% of population ages 20 to 79),SH.STA.DIAB.ZS,12.07702042,414491886,50058269.71146312
United Arab Emirates,ARE,Diabetes prevalence (% of population ages 20 to 79),SH.STA.DIAB.ZS,17.26,9400145,1622465.027
Argentina,ARG,Diabetes prevalence (% of population ages 20 to 79),SH.STA.DIAB.ZS,5.5,44271041,2434907.255
Armenia,ARM,Diabetes prevalence (% of population ages 20 to 79),SH.STA.DIAB.ZS,7.11,2930450,208354.995
American Samoa,ASM,Diabetes prevalence (% of population ages 20 to 79),SH.STA.DIAB.ZS,0,55641,0
Antigua and Barbuda,ATG,Diabetes prevalence (% of population ages 20 to 79),SH.STA.DIAB.ZS,13.17,102012,13434.9804
Australia,AUS,Diabetes prevalence (% of population ages 20 to 79),SH.STA.DIAB.ZS,5.07,24598933,1247165.9031
Austria,AUT,Diabetes prevalence (% of population ages 20 to 79),SH.STA.DIAB.ZS,6.35,8809212,559384.962
Azerbaijan,AZE,Diabetes prevalence (% of population ages 20 to 79),SH.STA.DIAB.ZS,7.11,9862429,701218.7019
Burundi,BDI,Diabetes prevalence (% of population ages 20 to 79),SH.STA.DIAB.ZS,6.05,10864245,657286.8225
Belgium,BEL,Diabetes prevalence (% of population ages 20 to 79),SH.STA.DIAB.ZS,4.29,11372068,487861.7172
Benin,BEN,Diabetes prevalence (% of population ages 20 to 79),SH.STA.DIAB.ZS,0.99,11175692,110639.35079999999
Burkina Faso,BFA,Diabetes prevalence (% of population ages 20 to 79),SH.STA.DIAB.ZS,2.42,19193382,464479.8444
Bangladesh,BGD,Diabetes prevalence (% of population ages 20 to 79),SH.STA.DIAB.ZS,8.38,164669751,13799325.133800002
Bulgaria,BGR,Diabetes prevalence (% of population ages 20 to 79),SH.STA.DIAB.ZS,5.81,7075991,411115.0771
Bahrain,BHR,Diabetes prevalence (% of population ages 20 to 79),SH.STA.DIAB.ZS,16.52,1492584,246574.87679999997
"Bahamas, The",BHS,Diabetes prevalence (% of population ages 20 to 79),SH.STA.DIAB.ZS,13.17,395361,52069.0437
Bosnia and Herzegovina,BIH,Diabetes prevalence (% of population ages 20 to 79),SH.STA.DIAB.ZS,10.08,3507017,353507.3136
Belarus,BLR,Diabetes prevalence (% of population ages 20 to 79),SH.STA.DIAB.ZS,5.18,9507875,492507.925
Belize,BLZ,Diabetes prevalence (% of population ages 20 to 79),SH.STA.DIAB.ZS,17.11,374681,64107.9191
Bermuda,BMU,Diabetes prevalence (% of population ages 20 to 79),SH.STA.DIAB.ZS,13,65441,8507.33
Bolivia,BOL,Diabetes prevalence (% of population ages 20 to 79),SH.STA.DIAB.ZS,6.89,11051600,761455.24
Brazil,BRA,Diabetes prevalence (% of population ages 20 to 79),SH.STA.DIAB.ZS,8.11,209288278,16973279.345799997
Barbados,BRB,Diabetes prevalence (% of population ages 20 to 79),SH.STA.DIAB.ZS,13.57,285719,38772.068300000006
Brunei Darussalam,BRN,Diabetes prevalence (% of population ages 20 to 79),SH.STA.DIAB.ZS,12.79,428697,54830.3463
Bhutan,BTN,Diabetes prevalence (% of population ages 20 to 79),SH.STA.DIAB.ZS,9.75,807610,78741.975
Botswana,BWA,Diabetes prevalence (% of population ages 20 to 79),SH.STA.DIAB.ZS,4.81,2291661,110228.89409999999
Central African Republic,CAF,Diabetes prevalence (% of population ages 20 to 79),SH.STA.DIAB.ZS,6.1,4659080,284203.88
Canada,CAN,Diabetes prevalence (% of population ages 20 to 79),SH.STA.DIAB.ZS,7.37,36708083,2705385.7171
Central Europe and the Baltics,CEB,Diabetes prevalence (% of population ages 20 to 79),SH.STA.DIAB.ZS,6.863498635,102727102,7050673.243545057
Switzerland,CHE,Diabetes prevalence (% of population ages 20 to 79),SH.STA.DIAB.ZS,5.59,8466017,473250.3503
Channel Islands,CHI,Diabetes prevalence (% of population ages 20 to 79),SH.STA.DIAB.ZS,4.28,165314,7075.439200000001
Chile,CHL,Diabetes prevalence (% of population ages 20 to 79),SH.STA.DIAB.ZS,8.46,18054726,1527429.8196
China,CHN,Diabetes prevalence (% of population ages 20 to 79),SH.STA.DIAB.ZS,9.74,1386395e3,135034873
Cote d'Ivoire,CIV,Diabetes prevalence (% of population ages 20 to 79),SH.STA.DIAB.ZS,2.42,24294750,587932.95
Cameroon,CMR,Diabetes prevalence (% of population ages 20 to 79),SH.STA.DIAB.ZS,7.2,24053727,1731868.3440000003
"Congo, Dem. Rep.",COD,Diabetes prevalence (% of population ages 20 to 79),SH.STA.DIAB.ZS,6.1,81339988,4961739.268
"Congo, Rep.",COG,Diabetes prevalence (% of population ages 20 to 79),SH.STA.DIAB.ZS,7.2,5260750,378774.00000000006
Colombia,COL,Diabetes prevalence (% of population ages 20 to 79),SH.STA.DIAB.ZS,7.44,49065615,3650481.7560000005
Comoros,COM,Diabetes prevalence (% of population ages 20 to 79),SH.STA.DIAB.ZS,11.88,813912,96692.74560000001
Cabo Verde,CPV,Diabetes prevalence (% of population ages 20 to 79),SH.STA.DIAB.ZS,2.42,546388,13222.5896
Costa Rica,CRI,Diabetes prevalence (% of population ages 20 to 79),SH.STA.DIAB.ZS,8.78,4905769,430726.51819999993
Caribbean small states,CSS,Diabetes prevalence (% of population ages 20 to 79),SH.STA.DIAB.ZS,11.85982335,7284294,863904.400694649
Cuba,CUB,Diabetes prevalence (% of population ages 20 to 79),SH.STA.DIAB.ZS,8.27,11484636,949779.3972
Curacao,CUW,Diabetes prevalence (% of population ages 20 to 79),SH.STA.DIAB.ZS,11.62,161014,18709.8268
Cayman Islands,CYM,Diabetes prevalence (% of population ages 20 to 79),SH.STA.DIAB.ZS,13.22,61559,8138.099800000001
Cyprus,CYP,Diabetes prevalence (% of population ages 20 to 79),SH.STA.DIAB.ZS,9.24,1179551,108990.51239999999
Czech Republic,CZE,Diabetes prevalence (% of population ages 20 to 79),SH.STA.DIAB.ZS,6.82,10591323,722328.2285999999
Germany,DEU,Diabetes prevalence (% of population ages 20 to 79),SH.STA.DIAB.ZS,8.31,82695e3,6871954.500000001
Djibouti,DJI,Diabetes prevalence (% of population ages 20 to 79),SH.STA.DIAB.ZS,6.05,956985,57897.5925
Dominica,DMA,Diabetes prevalence (% of population ages 20 to 79),SH.STA.DIAB.ZS,11.62,73925,8590.085
Denmark,DNK,Diabetes prevalence (% of population ages 20 to 79),SH.STA.DIAB.ZS,6.41,5769603,369831.55230000004
Dominican Republic,DOM,Diabetes prevalence (% of population ages 20 to 79),SH.STA.DIAB.ZS,8.2,10766998,882893.8359999999
Algeria,DZA,Diabetes prevalence (% of population ages 20 to 79),SH.STA.DIAB.ZS,6.73,41318142,2780710.9566
East Asia & Pacific (excluding high income),EAP,Diabetes prevalence (% of population ages 20 to 79),SH.STA.DIAB.ZS,8.841313415,2068308373,182865625.64561725
Early-demographic dividend,EAR,Diabetes prevalence (% of population ages 20 to 79),SH.STA.DIAB.ZS,9.326120712,3213426923,299688073.83088726
East Asia & Pacific,EAS,Diabetes prevalence (% of population ages 20 to 79),SH.STA.DIAB.ZS,8.572328097,2314364990,198394960.30490124
Europe & Central Asia (excluding high income),ECA,Diabetes prevalence (% of population ages 20 to 79),SH.STA.DIAB.ZS,7.904926122,415546194,32848619.638482798
Europe & Central Asia,ECS,Diabetes prevalence (% of population ages 20 to 79),SH.STA.DIAB.ZS,6.800253144,915545801,62259432.11726248
Ecuador,ECU,Diabetes prevalence (% of population ages 20 to 79),SH.STA.DIAB.ZS,5.55,16624858,922679.6190000001
"Egypt, Arab Rep.",EGY,Diabetes prevalence (% of population ages 20 to 79),SH.STA.DIAB.ZS,17.31,97553151,16886450.4381
Euro area,EMU,Diabetes prevalence (% of population ages 20 to 79),SH.STA.DIAB.ZS,6.237540214,341465149,21299025.98567002
Spain,ESP,Diabetes prevalence (% of population ages 20 to 79),SH.STA.DIAB.ZS,7.17,46572028,3339214.4076
Estonia,EST,Diabetes prevalence (% of population ages 20 to 79),SH.STA.DIAB.ZS,4.02,1315480,52882.29599999999
Ethiopia,ETH,Diabetes prevalence (% of population ages 20 to 79),SH.STA.DIAB.ZS,7.47,104957438,7840320.618600001
European Union,EUU,Diabetes prevalence (% of population ages 20 to 79),SH.STA.DIAB.ZS,6.102228485,512461290,31271558.812978458
Fragile and conflict affected situations,FCS,Diabetes prevalence (% of population ages 20 to 79),SH.STA.DIAB.ZS,7.075992896,511336623,36182143.1181263
Finland,FIN,Diabetes prevalence (% of population ages 20 to 79),SH.STA.DIAB.ZS,5.76,5511303,317451.0528
Fiji,FJI,Diabetes prevalence (% of population ages 20 to 79),SH.STA.DIAB.ZS,14.49,905502,131207.2398
France,FRA,Diabetes prevalence (% of population ages 20 to 79),SH.STA.DIAB.ZS,4.77,67118648,3201559.5095999995
Faroe Islands,FRO,Diabetes prevalence (% of population ages 20 to 79),SH.STA.DIAB.ZS,0,49290,0
"Micronesia, Fed. Sts.",FSM,Diabetes prevalence (% of population ages 20 to 79),SH.STA.DIAB.ZS,12.02,105544,12686.3888
Gabon,GAB,Diabetes prevalence (% of population ages 20 to 79),SH.STA.DIAB.ZS,7.2,2025137,145809.86400000003
United Kingdom,GBR,Diabetes prevalence (% of population ages 20 to 79),SH.STA.DIAB.ZS,4.28,66022273,2825753.2844000002
Georgia,GEO,Diabetes prevalence (% of population ages 20 to 79),SH.STA.DIAB.ZS,7.11,3717100,264285.81
Ghana,GHA,Diabetes prevalence (% of population ages 20 to 79),SH.STA.DIAB.ZS,4.97,28833629,1433031.3612999998
Gibraltar,GIB,Diabetes prevalence (% of population ages 20 to 79),SH.STA.DIAB.ZS,0,34571,0
Guinea,GIN,Diabetes prevalence (% of population ages 20 to 79),SH.STA.DIAB.ZS,2.42,12717176,307755.6592
"Gambia, The",GMB,Diabetes prevalence (% of population ages 20 to 79),SH.STA.DIAB.ZS,1.91,2100568,40120.8488
Guinea-Bissau,GNB,Diabetes prevalence (% of population ages 20 to 79),SH.STA.DIAB.ZS,2.42,1861283,45043.0486
Equatorial Guinea,GNQ,Diabetes prevalence (% of population ages 20 to 79),SH.STA.DIAB.ZS,7.78,1267689,98626.20420000001
Greece,GRC,Diabetes prevalence (% of population ages 20 to 79),SH.STA.DIAB.ZS,4.55,10760421,489599.1555
Grenada,GRD,Diabetes prevalence (% of population ages 20 to 79),SH.STA.DIAB.ZS,10.71,107825,11548.0575
Greenland,GRL,Diabetes prevalence (% of population ages 20 to 79),SH.STA.DIAB.ZS,2.16,56171,1213.2936
Guatemala,GTM,Diabetes prevalence (% of population ages 20 to 79),SH.STA.DIAB.ZS,10.18,16913503,1721794.6054
Guam,GUM,Diabetes prevalence (% of population ages 20 to 79),SH.STA.DIAB.ZS,21.52,164229,35342.0808
Guyana,GUY,Diabetes prevalence (% of population ages 20 to 79),SH.STA.DIAB.ZS,11.62,777859,90387.2158
High income,HIC,Diabetes prevalence (% of population ages 20 to 79),SH.STA.DIAB.ZS,7.854356362,1249066228,98106112.74451141
"Hong Kong SAR, China",HKG,Diabetes prevalence (% of population ages 20 to 79),SH.STA.DIAB.ZS,8.33,7391700,615728.61
Honduras,HND,Diabetes prevalence (% of population ages 20 to 79),SH.STA.DIAB.ZS,7.21,9265067,668011.3306999999
Heavily indebted poor countries (HIPC),HPC,Diabetes prevalence (% of population ages 20 to 79),SH.STA.DIAB.ZS,5.870315343,765112280,44914503.56401712
Croatia,HRV,Diabetes prevalence (% of population ages 20 to 79),SH.STA.DIAB.ZS,5.59,4125700,230626.63
Haiti,HTI,Diabetes prevalence (% of population ages 20 to 79),SH.STA.DIAB.ZS,6.65,10981229,730251.7285000001
Hungary,HUN,Diabetes prevalence (% of population ages 20 to 79),SH.STA.DIAB.ZS,7.55,9781127,738475.0885
IBRD only,IBD,Diabetes prevalence (% of population ages 20 to 79),SH.STA.DIAB.ZS,9.318548014,4743263932,442003326.9341643
IDA & IBRD total,IBT,Diabetes prevalence (% of population ages 20 to 79),SH.STA.DIAB.ZS,8.633699588,6353204601,548516599.4613341
IDA total,IDA,Diabetes prevalence (% of population ages 20 to 79),SH.STA.DIAB.ZS,6.110119048,1609940669,98369291.47806762
IDA blend,IDB,Diabetes prevalence (% of population ages 20 to 79),SH.STA.DIAB.ZS,5.704259902,533023458,30405043.38294781
Indonesia,IDN,Diabetes prevalence (% of population ages 20 to 79),SH.STA.DIAB.ZS,6.32,263991379,16684255.152800001
IDA only,IDX,Diabetes prevalence (% of population ages 20 to 79),SH.STA.DIAB.ZS,6.312817889,1076917211,67983822.34572788
Isle of Man,IMN,Diabetes prevalence (% of population ages 20 to 79),SH.STA.DIAB.ZS,0,84287,0
India,IND,Diabetes prevalence (% of population ages 20 to 79),SH.STA.DIAB.ZS,10.39,1339180127,139140815.1953
Ireland,IRL,Diabetes prevalence (% of population ages 20 to 79),SH.STA.DIAB.ZS,3.28,4813608,157886.3424
"Iran, Islamic Rep.",IRN,Diabetes prevalence (% of population ages 20 to 79),SH.STA.DIAB.ZS,9.59,81162788,7783511.3692
Iraq,IRQ,Diabetes prevalence (% of population ages 20 to 79),SH.STA.DIAB.ZS,8.83,38274618,3379648.7694
Iceland,ISL,Diabetes prevalence (% of population ages 20 to 79),SH.STA.DIAB.ZS,5.31,341284,18122.180399999997
Israel,ISR,Diabetes prevalence (% of population ages 20 to 79),SH.STA.DIAB.ZS,6.74,8712400,587215.76
Italy,ITA,Diabetes prevalence (% of population ages 20 to 79),SH.STA.DIAB.ZS,4.78,60551416,2894357.6848
Jamaica,JAM,Diabetes prevalence (% of population ages 20 to 79),SH.STA.DIAB.ZS,11.28,2890299,326025.72719999996
Jordan,JOR,Diabetes prevalence (% of population ages 20 to 79),SH.STA.DIAB.ZS,11.75,9702353,1140026.4775
Japan,JPN,Diabetes prevalence (% of population ages 20 to 79),SH.STA.DIAB.ZS,5.72,126785797,7252147.5884
Kazakhstan,KAZ,Diabetes prevalence (% of population ages 20 to 79),SH.STA.DIAB.ZS,7.11,18037646,1282476.6306
Kenya,KEN,Diabetes prevalence (% of population ages 20 to 79),SH.STA.DIAB.ZS,2.92,49699862,1451235.9704
Kyrgyz Republic,KGZ,Diabetes prevalence (% of population ages 20 to 79),SH.STA.DIAB.ZS,7.11,6201500,440926.64999999997
Cambodia,KHM,Diabetes prevalence (% of population ages 20 to 79),SH.STA.DIAB.ZS,4,16005373,640214.92
Kiribati,KIR,Diabetes prevalence (% of population ages 20 to 79),SH.STA.DIAB.ZS,22.66,116398,26375.786799999998
St. Kitts and Nevis,KNA,Diabetes prevalence (% of population ages 20 to 79),SH.STA.DIAB.ZS,12.84,55345,7106.297999999999
"Korea, Rep.",KOR,Diabetes prevalence (% of population ages 20 to 79),SH.STA.DIAB.ZS,6.8,51466201,3499701.668
Kuwait,KWT,Diabetes prevalence (% of population ages 20 to 79),SH.STA.DIAB.ZS,15.84,4136528,655226.0351999999
Latin America & Caribbean (excluding high income),LAC,Diabetes prevalence (% of population ages 20 to 79),SH.STA.DIAB.ZS,8.956255812,568136842,50883788.93173826
Lao PDR,LAO,Diabetes prevalence (% of population ages 20 to 79),SH.STA.DIAB.ZS,4,6858160,274326.4
Lebanon,LBN,Diabetes prevalence (% of population ages 20 to 79),SH.STA.DIAB.ZS,12.71,6082357,773067.5747000001
Liberia,LBR,Diabetes prevalence (% of population ages 20 to 79),SH.STA.DIAB.ZS,2.42,4731906,114512.1252
Libya,LBY,Diabetes prevalence (% of population ages 20 to 79),SH.STA.DIAB.ZS,10.43,6374616,664872.4488
St. Lucia,LCA,Diabetes prevalence (% of population ages 20 to 79),SH.STA.DIAB.ZS,11.62,178844,20781.6728
Latin America & Caribbean,LCN,Diabetes prevalence (% of population ages 20 to 79),SH.STA.DIAB.ZS,8.722751287,644137666,56186526.551066756
Least developed countries: UN classification,LDC,Diabetes prevalence (% of population ages 20 to 79),SH.STA.DIAB.ZS,6.275067304,1002485957,62906668.514898494
Low income,LIC,Diabetes prevalence (% of population ages 20 to 79),SH.STA.DIAB.ZS,5.400122796,732448558,39553121.54953128
Liechtenstein,LIE,Diabetes prevalence (% of population ages 20 to 79),SH.STA.DIAB.ZS,7.77,37922,2946.5393999999997
Sri Lanka,LKA,Diabetes prevalence (% of population ages 20 to 79),SH.STA.DIAB.ZS,10.68,21444e3,2290219.1999999997
Lower middle income,LMC,Diabetes prevalence (% of population ages 20 to 79),SH.STA.DIAB.ZS,8.710050297,2972642807,258918683.63985267
Low & middle income,LMY,Diabetes prevalence (% of population ages 20 to 79),SH.STA.DIAB.ZS,8.659333009,6281293921,543918157.8934634
Lesotho,LSO,Diabetes prevalence (% of population ages 20 to 79),SH.STA.DIAB.ZS,3.94,2233339,87993.5566
Late-demographic dividend,LTE,Diabetes prevalence (% of population ages 20 to 79),SH.STA.DIAB.ZS,9.003640266,2278227192,205123380.80987313
Lithuania,LTU,Diabetes prevalence (% of population ages 20 to 79),SH.STA.DIAB.ZS,3.67,2827721,103777.36069999999
Luxembourg,LUX,Diabetes prevalence (% of population ages 20 to 79),SH.STA.DIAB.ZS,4.42,599449,26495.6458
Latvia,LVA,Diabetes prevalence (% of population ages 20 to 79),SH.STA.DIAB.ZS,4.91,1940740,95290.334
"Macao SAR, China",MAC,Diabetes prevalence (% of population ages 20 to 79),SH.STA.DIAB.ZS,0,622567,0
St. Martin (French part),MAF,Diabetes prevalence (% of population ages 20 to 79),SH.STA.DIAB.ZS,0,32125,0
Morocco,MAR,Diabetes prevalence (% of population ages 20 to 79),SH.STA.DIAB.ZS,7.14,35739580,2551806.0119999996
Monaco,MCO,Diabetes prevalence (% of population ages 20 to 79),SH.STA.DIAB.ZS,5.46,38695,2112.7470000000003
Moldova,MDA,Diabetes prevalence (% of population ages 20 to 79),SH.STA.DIAB.ZS,5.72,3549750,203045.7
Madagascar,MDG,Diabetes prevalence (% of population ages 20 to 79),SH.STA.DIAB.ZS,3.94,25570895,1007493.2629999999
Maldives,MDV,Diabetes prevalence (% of population ages 20 to 79),SH.STA.DIAB.ZS,9.19,436330,40098.727
Middle East & North Africa,MEA,Diabetes prevalence (% of population ages 20 to 79),SH.STA.DIAB.ZS,11.42826239,444322417,50778331.67234997
Mexico,MEX,Diabetes prevalence (% of population ages 20 to 79),SH.STA.DIAB.ZS,13.06,129163276,16868723.845599998
Marshall Islands,MHL,Diabetes prevalence (% of population ages 20 to 79),SH.STA.DIAB.ZS,30.53,53127,16219.6731
Middle income,MIC,Diabetes prevalence (% of population ages 20 to 79),SH.STA.DIAB.ZS,8.995414525,5548845363,499141641.7530909
"Macedonia, FYR",MKD,Diabetes prevalence (% of population ages 20 to 79),SH.STA.DIAB.ZS,10.08,2083160,209982.528
Mali,MLI,Diabetes prevalence (% of population ages 20 to 79),SH.STA.DIAB.ZS,2.42,18541980,448715.91599999997
Malta,MLT,Diabetes prevalence (% of population ages 20 to 79),SH.STA.DIAB.ZS,8.83,465292,41085.2836
Myanmar,MMR,Diabetes prevalence (% of population ages 20 to 79),SH.STA.DIAB.ZS,4.61,53370609,2460385.0749
Middle East & North Africa (excluding high income),MNA,Diabetes prevalence (% of population ages 20 to 79),SH.STA.DIAB.ZS,10.63120971,379901782,40388155.136447035
Montenegro,MNE,Diabetes prevalence (% of population ages 20 to 79),SH.STA.DIAB.ZS,10.08,622471,62745.0768
Mongolia,MNG,Diabetes prevalence (% of population ages 20 to 79),SH.STA.DIAB.ZS,4.82,3075647,148246.1854
Northern Mariana Islands,MNP,Diabetes prevalence (% of population ages 20 to 79),SH.STA.DIAB.ZS,0,55144,0
Mozambique,MOZ,Diabetes prevalence (% of population ages 20 to 79),SH.STA.DIAB.ZS,3.3,29668834,979071.522
Mauritania,MRT,Diabetes prevalence (% of population ages 20 to 79),SH.STA.DIAB.ZS,2.42,4420184,106968.4528
Mauritius,MUS,Diabetes prevalence (% of population ages 20 to 79),SH.STA.DIAB.ZS,22.02,1264613,278467.78260000004
Malawi,MWI,Diabetes prevalence (% of population ages 20 to 79),SH.STA.DIAB.ZS,3.94,18622104,733710.8975999999
Malaysia,MYS,Diabetes prevalence (% of population ages 20 to 79),SH.STA.DIAB.ZS,16.74,31624264,5293901.7935999995
North America,NAC,Diabetes prevalence (% of population ages 20 to 79),SH.STA.DIAB.ZS,10.43256066,362492702,37817271.02422303
Namibia,NAM,Diabetes prevalence (% of population ages 20 to 79),SH.STA.DIAB.ZS,3.94,2533794,99831.48359999999
New Caledonia,NCL,Diabetes prevalence (% of population ages 20 to 79),SH.STA.DIAB.ZS,23.36,280460,65515.456
Niger,NER,Diabetes prevalence (% of population ages 20 to 79),SH.STA.DIAB.ZS,2.42,21477348,519751.82159999997
Nigeria,NGA,Diabetes prevalence (% of population ages 20 to 79),SH.STA.DIAB.ZS,2.42,190886311,4619448.726199999
Nicaragua,NIC,Diabetes prevalence (% of population ages 20 to 79),SH.STA.DIAB.ZS,11.47,6217581,713156.5407
Netherlands,NLD,Diabetes prevalence (% of population ages 20 to 79),SH.STA.DIAB.ZS,5.29,17132854,906327.9766
Norway,NOR,Diabetes prevalence (% of population ages 20 to 79),SH.STA.DIAB.ZS,5.31,5282223,280486.0413
Nepal,NPL,Diabetes prevalence (% of population ages 20 to 79),SH.STA.DIAB.ZS,7.26,29304998,2127542.8548
Nauru,NRU,Diabetes prevalence (% of population ages 20 to 79),SH.STA.DIAB.ZS,24.07,13649,3285.3143
New Zealand,NZL,Diabetes prevalence (% of population ages 20 to 79),SH.STA.DIAB.ZS,8.08,4793900,387347.12
OECD members,OED,Diabetes prevalence (% of population ages 20 to 79),SH.STA.DIAB.ZS,8.217531791,1298037534,106666647.01556244
Oman,OMN,Diabetes prevalence (% of population ages 20 to 79),SH.STA.DIAB.ZS,12.61,4636262,584632.6381999999
Other small states,OSS,Diabetes prevalence (% of population ages 20 to 79),SH.STA.DIAB.ZS,8.309746004,30621014,2544528.4872492813
Pakistan,PAK,Diabetes prevalence (% of population ages 20 to 79),SH.STA.DIAB.ZS,8.35,197015955,16450832.242499998
Panama,PAN,Diabetes prevalence (% of population ages 20 to 79),SH.STA.DIAB.ZS,8.33,4098587,341412.29709999997
Peru,PER,Diabetes prevalence (% of population ages 20 to 79),SH.STA.DIAB.ZS,5.95,32165485,1913846.3575000002
Philippines,PHL,Diabetes prevalence (% of population ages 20 to 79),SH.STA.DIAB.ZS,7.07,104918090,7417708.9629999995
Palau,PLW,Diabetes prevalence (% of population ages 20 to 79),SH.STA.DIAB.ZS,15.89,21729,3452.7381000000005
Papua New Guinea,PNG,Diabetes prevalence (% of population ages 20 to 79),SH.STA.DIAB.ZS,17.65,8251162,1456330.0929999999
Poland,POL,Diabetes prevalence (% of population ages 20 to 79),SH.STA.DIAB.ZS,5.91,37975841,2244372.2031
Pre-demographic dividend,PRE,Diabetes prevalence (% of population ages 20 to 79),SH.STA.DIAB.ZS,4.872167869,904399841,44063878.46048909
Puerto Rico,PRI,Diabetes prevalence (% of population ages 20 to 79),SH.STA.DIAB.ZS,12.9,3337177,430495.833
"Korea, Dem. People�s Rep.",PRK,Diabetes prevalence (% of population ages 20 to 79),SH.STA.DIAB.ZS,4,25490965,1019638.6
Portugal,PRT,Diabetes prevalence (% of population ages 20 to 79),SH.STA.DIAB.ZS,9.85,10293718,1013931.2229999999
Paraguay,PRY,Diabetes prevalence (% of population ages 20 to 79),SH.STA.DIAB.ZS,8.27,6811297,563294.2618999999
West Bank and Gaza,PSE,Diabetes prevalence (% of population ages 20 to 79),SH.STA.DIAB.ZS,10.59,4684777,496117.8843
Pacific island small states,PSS,Diabetes prevalence (% of population ages 20 to 79),SH.STA.DIAB.ZS,15.12670822,2419188,365943.51005325356
Post-demographic dividend,PST,Diabetes prevalence (% of population ages 20 to 79),SH.STA.DIAB.ZS,7.505684008,1107374909,83116061.45341755
French Polynesia,PYF,Diabetes prevalence (% of population ages 20 to 79),SH.STA.DIAB.ZS,22.63,283007,64044.4841
Qatar,QAT,Diabetes prevalence (% of population ages 20 to 79),SH.STA.DIAB.ZS,16.52,2639211,435997.65719999996
Romania,ROU,Diabetes prevalence (% of population ages 20 to 79),SH.STA.DIAB.ZS,9.74,19586539,1907728.8986
Russian Federation,RUS,Diabetes prevalence (% of population ages 20 to 79),SH.STA.DIAB.ZS,6.18,144495044,8929793.719199998
Rwanda,RWA,Diabetes prevalence (% of population ages 20 to 79),SH.STA.DIAB.ZS,4.28,12208407,522519.81960000005
South Asia,SAS,Diabetes prevalence (% of population ages 20 to 79),SH.STA.DIAB.ZS,9.937835043,1788388852,177727134.0391614
Saudi Arabia,SAU,Diabetes prevalence (% of population ages 20 to 79),SH.STA.DIAB.ZS,17.72,32938213,5836651.3436
Sudan,SDN,Diabetes prevalence (% of population ages 20 to 79),SH.STA.DIAB.ZS,15.67,40533330,6351572.811000001
Senegal,SEN,Diabetes prevalence (% of population ages 20 to 79),SH.STA.DIAB.ZS,2.42,15850567,383583.7214
Singapore,SGP,Diabetes prevalence (% of population ages 20 to 79),SH.STA.DIAB.ZS,10.99,5612253,616786.6047
Solomon Islands,SLB,Diabetes prevalence (% of population ages 20 to 79),SH.STA.DIAB.ZS,18.68,611343,114198.8724
Sierra Leone,SLE,Diabetes prevalence (% of population ages 20 to 79),SH.STA.DIAB.ZS,2.42,7557212,182884.5304
El Salvador,SLV,Diabetes prevalence (% of population ages 20 to 79),SH.STA.DIAB.ZS,8.87,6377853,565715.5610999999
San Marino,SMR,Diabetes prevalence (% of population ages 20 to 79),SH.STA.DIAB.ZS,5.64,33400,1883.76
Somalia,SOM,Diabetes prevalence (% of population ages 20 to 79),SH.STA.DIAB.ZS,6.05,14742523,891922.6415
Serbia,SRB,Diabetes prevalence (% of population ages 20 to 79),SH.STA.DIAB.ZS,10.08,7022268,707844.6144
Sub-Saharan Africa (excluding high income),SSA,Diabetes prevalence (% of population ages 20 to 79),SH.STA.DIAB.ZS,4.847184939,1061011878,51429207.95141706
South Sudan,SSD,Diabetes prevalence (% of population ages 20 to 79),SH.STA.DIAB.ZS,10.43,12575714,1311646.9702
Sub-Saharan Africa,SSF,Diabetes prevalence (% of population ages 20 to 79),SH.STA.DIAB.ZS,4.84788374,1061107721,51441268.67024357
Small states,SST,Diabetes prevalence (% of population ages 20 to 79),SH.STA.DIAB.ZS,9.367269907,40324496,3777304.3789574187
Sao Tome and Principe,STP,Diabetes prevalence (% of population ages 20 to 79),SH.STA.DIAB.ZS,2.42,204327,4944.7134
Suriname,SUR,Diabetes prevalence (% of population ages 20 to 79),SH.STA.DIAB.ZS,12.54,563402,70650.6108
Slovak Republic,SVK,Diabetes prevalence (% of population ages 20 to 79),SH.STA.DIAB.ZS,7.29,5439892,396568.1268
Slovenia,SVN,Diabetes prevalence (% of population ages 20 to 79),SH.STA.DIAB.ZS,7.25,2066748,149839.22999999998
Sweden,SWE,Diabetes prevalence (% of population ages 20 to 79),SH.STA.DIAB.ZS,4.79,10067744,482244.9376
Eswatini,SWZ,Diabetes prevalence (% of population ages 20 to 79),SH.STA.DIAB.ZS,3.94,1367254,53869.8076
Sint Maarten (Dutch part),SXM,Diabetes prevalence (% of population ages 20 to 79),SH.STA.DIAB.ZS,0,41109,0
Seychelles,SYC,Diabetes prevalence (% of population ages 20 to 79),SH.STA.DIAB.ZS,10.55,95843,10111.436500000002
Syrian Arab Republic,SYR,Diabetes prevalence (% of population ages 20 to 79),SH.STA.DIAB.ZS,8.23,18269868,1503610.1364
Turks and Caicos Islands,TCA,Diabetes prevalence (% of population ages 20 to 79),SH.STA.DIAB.ZS,0,35446,0
Chad,TCD,Diabetes prevalence (% of population ages 20 to 79),SH.STA.DIAB.ZS,6.1,14899994,908899.634
East Asia & Pacific (IDA & IBRD countries),TEA,Diabetes prevalence (% of population ages 20 to 79),SH.STA.DIAB.ZS,8.901650928,2042783496,181841456.02871484
Europe & Central Asia (IDA & IBRD countries),TEC,Diabetes prevalence (% of population ages 20 to 79),SH.STA.DIAB.ZS,7.705083972,457647735,35262142.277706034
Togo,TGO,Diabetes prevalence (% of population ages 20 to 79),SH.STA.DIAB.ZS,6.15,7797694,479558.18100000004
Thailand,THA,Diabetes prevalence (% of population ages 20 to 79),SH.STA.DIAB.ZS,7.04,69037513,4860240.915200001
Tajikistan,TJK,Diabetes prevalence (% of population ages 20 to 79),SH.STA.DIAB.ZS,7.11,8921343,634307.4872999999
Turkmenistan,TKM,Diabetes prevalence (% of population ages 20 to 79),SH.STA.DIAB.ZS,7.11,5758075,409399.1325
Latin America & the Caribbean (IDA & IBRD countries),TLA,Diabetes prevalence (% of population ages 20 to 79),SH.STA.DIAB.ZS,8.700367728,628059792,54643511.45571192
Timor-Leste,TLS,Diabetes prevalence (% of population ages 20 to 79),SH.STA.DIAB.ZS,6.86,1296311,88926.93460000001
Middle East & North Africa (IDA & IBRD countries),TMN,Diabetes prevalence (% of population ages 20 to 79),SH.STA.DIAB.ZS,10.63166132,375217005,39891801.18664746
Tonga,TON,Diabetes prevalence (% of population ages 20 to 79),SH.STA.DIAB.ZS,15.42,108020,16656.684
South Asia (IDA & IBRD),TSA,Diabetes prevalence (% of population ages 20 to 79),SH.STA.DIAB.ZS,9.937835043,1788388852,177727134.0391614
Sub-Saharan Africa (IDA & IBRD countries),TSS,Diabetes prevalence (% of population ages 20 to 79),SH.STA.DIAB.ZS,4.84788374,1061107721,51441268.67024357
Trinidad and Tobago,TTO,Diabetes prevalence (% of population ages 20 to 79),SH.STA.DIAB.ZS,10.97,1369125,150193.0125
Tunisia,TUN,Diabetes prevalence (% of population ages 20 to 79),SH.STA.DIAB.ZS,8.52,11532127,982537.2204
Turkey,TUR,Diabetes prevalence (% of population ages 20 to 79),SH.STA.DIAB.ZS,12.13,80745020,9794370.926
Tuvalu,TUV,Diabetes prevalence (% of population ages 20 to 79),SH.STA.DIAB.ZS,27.25,11192,3049.82
Tanzania,TZA,Diabetes prevalence (% of population ages 20 to 79),SH.STA.DIAB.ZS,5.75,57310019,3295326.0925000003
Uganda,UGA,Diabetes prevalence (% of population ages 20 to 79),SH.STA.DIAB.ZS,2.5,42862958,1071573.95
Ukraine,UKR,Diabetes prevalence (% of population ages 20 to 79),SH.STA.DIAB.ZS,7.11,44831159,3187495.4049
Upper middle income,UMC,Diabetes prevalence (% of population ages 20 to 79),SH.STA.DIAB.ZS,9.283963921,2576202556,239173715.8309198
Uruguay,URY,Diabetes prevalence (% of population ages 20 to 79),SH.STA.DIAB.ZS,6.93,3456750,239552.775
United States of America,USA,Diabetes prevalence (% of population ages 20 to 79),SH.STA.DIAB.ZS,10.79,325719178,35145099.3062
Uzbekistan,UZB,Diabetes prevalence (% of population ages 20 to 79),SH.STA.DIAB.ZS,7.57,32387200,2451711.04
St. Vincent and the Grenadines,VCT,Diabetes prevalence (% of population ages 20 to 79),SH.STA.DIAB.ZS,11.62,109897,12770.0314
"Venezuela, RB",VEN,Diabetes prevalence (% of population ages 20 to 79),SH.STA.DIAB.ZS,6.47,31977065,2068916.1054999998
British Virgin Islands,VGB,Diabetes prevalence (% of population ages 20 to 79),SH.STA.DIAB.ZS,13.67,31196,4264.4932
Virgin Islands (U.S.),VIR,Diabetes prevalence (% of population ages 20 to 79),SH.STA.DIAB.ZS,12.26,107268,13151.0568
Vietnam,VNM,Diabetes prevalence (% of population ages 20 to 79),SH.STA.DIAB.ZS,6,95540800,5732448
Vanuatu,VUT,Diabetes prevalence (% of population ages 20 to 79),SH.STA.DIAB.ZS,12.02,276244,33204.5288
World,WLD,Diabetes prevalence (% of population ages 20 to 79),SH.STA.DIAB.ZS,8.509629683,7530360149,640805762.476107
Samoa,WSM,Diabetes prevalence (% of population ages 20 to 79),SH.STA.DIAB.ZS,9.21,196440,18092.124000000003
Kosovo,XKX,Diabetes prevalence (% of population ages 20 to 79),SH.STA.DIAB.ZS,0,1830700,0
"Yemen, Rep.",YEM,Diabetes prevalence (% of population ages 20 to 79),SH.STA.DIAB.ZS,5.35,28250420,1511397.47
South Africa,ZAF,Diabetes prevalence (% of population ages 20 to 79),SH.STA.DIAB.ZS,5.52,56717156,3130787.0112
Zambia,ZMB,Diabetes prevalence (% of population ages 20 to 79),SH.STA.DIAB.ZS,3.94,17094130,673508.722
Zimbabwe,ZWE,Diabetes prevalence (% of population ages 20 to 79),SH.STA.DIAB.ZS,1.82,16529904,300844.2528
