COUNTRY,2000,2030
Algeria,426e3,1203e3
Angola,51e3,14e4
Benin,87e3,266e3
Botswana,25e3,45e3
Burkina Faso,124e3,388e3
Burundi,26e3,72e3
Cameroon,7e4,171e3
Cape Verde,7e3,24e3
Central African Republic,18e3,38e3
Chad,97e3,269e3
Comoros,4e3,15e3
Congo,14e3,39e3
Côte d'Ivoire,264e3,636e3
Democratic Republic of the Congo,291e3,91e4
Equatorial Guinea,8e3,21e3
Eritrea,47e3,142e3
Ethiopia,796e3,182e4
Gabon,8e3,14e3
Gambia,22e3,61e3
Ghana,302e3,851e3
Guinea,34e3,89e3
Guinea-Bissau,17e3,44e3
Kenya,183e3,498e3
Lesotho,31e3,42e3
Liberia,4e4,154e3
Madagascar,1e5,301e3
Malawi,55e3,118e3
Mali,14e4,405e3
Mauritania,34e3,103e3
Mauritius,111e3,233e3
Mozambique,133e3,273e3
Namibia,25e3,6e4
Niger,108e3,382e3
Nigeria,1707e3,4835e3
Rwanda,3e4,77e3
Sao Tome-Principe,1e3,2e3
Senegal,143e3,421e3
Seychelles,8e3,19e3
Sierra Leone,65e3,178e3
South Africa,814e3,1286e3
Swaziland,13e3,21e3
Togo,64e3,184e3
Uganda,98e3,328e3
United Republic of Tanzania,201e3,605e3
Zambia,7e4,186e3
Zimbabwe,108e3,265e3
Total,702e4,18234e3
Afghanistan,468e3,1403e3
Bahrain,37e3,99e3
Cyprus,5e4,87e3
Djibouti,7e3,9e3
Egypt,2623e3,6726e3
Islamic Republic of Iran,2103e3,6421e3
Iraq,668e3,2009e3
Jordan,195e3,68e4
Kuwait,104e3,319e3
Lebanon,146e3,378e3
Libyan Arab Jamahiriya,88e3,245e3
Morocco,427e3,1138e3
Oman,113e3,343e3
Pakistan,5217e3,13853e3
Qatar,38e3,88e3
Saudi Arabia,89e4,2523e3
Somalia,97e3,331e3
Sudan,447e3,1277e3
Syrian Arab Republic,627e3,2313e3
Tunisia,166e3,388e3
United Arab Emirates,35e4,684e3
Yemen,327e3,1286e3
Total,15188e3,426e5
Antigua and Barbuda,3e3,5e3
Argentina,1426e3,2457e3
Bahamas,12e3,26e3
Barbados,11e3,22e3
Belize,5e3,15e3
Bolivia,207e3,562e3
Brazil,4553e3,11305e3
Canada,2006e3,3543e3
Chile,495e3,1047e3
Colombia,883e3,2425e3
Costa Rica,76e3,237e3
Cuba,48e4,855e3
Dominica,3e3,4e3
Dominican Republic,245e3,594e3
Ecuador,341e3,921e3
El Salvador,103e3,32e4
Grenada,4e3,7e3
Guatemala,139e3,447e3
Guyana,19e3,36e3
Haiti,161e3,401e3
Honduras,81e3,269e3
Jamaica,81e3,189e3
Mexico,2179e3,613e4
Nicaragua,68e3,246e3
Panama,59e3,155e3
Paraguay,102e3,324e3
Peru,754e3,1961e3
Saint Kitts and Nevis,2e3,2e3
Saint Lucia,5e3,11e3
Saint Vincent and the Grenadines,5e3,9e3
Suriname,9e3,2e4
Trinidad and Tobago,6e4,125e3
United States of America,17702e3,30312e3
Uruguay,154e3,224e3
Venezuela,583e3,1606e3
Total,33016e3,66812e3
Bangladesh,3196e3,1114e4
Bhutan,35e3,109e3
Dem. People's Rep. of Korea,367e3,635e3
India,31705e3,79441e3
Indonesia,8426e3,21257e3
Maldives,6e3,25e3
Myanmar,543e3,133e4
Nepal,436e3,1328e3
Sri Lanka,653e3,1537e3
Thailand,1536e3,2739e3
Total,46903e3,119541e3
Australia,941e3,1673e3
Brunei Darussalam,18e3,49e3
Cambodia,11e4,317e3
China,20757e3,42321e3
Cook Islands,700,1300
Fiji,37e3,72e3
Japan,6765e3,8914e3
Kiribati,4e3,7e3
Lao People's Dem. Rep.,46e3,128e3
Malaysia,942e3,2479e3
Marshall Islands,2e3,4e3
Federated States of Micronesia,5e3,13e3
Mongolia,34e3,81e3
Nauru,2e3,4e3
New Zealand,179e3,307e3
Niue,0,0
Palau,1e3,2e3
Papua New Guinea,152e3,392e3
Philippines,277e4,7798e3
Republic of Korea,1859e3,3378e3
Samoa,4e3,7e3
Singapore,328e3,695e3
Solomon Islands,13e3,41e3
Tonga,3e3,6e3
Tuvalu,300,800
Vanuatu,6e3,17e3
Viet Nam,792e3,2343e3
Total,35771e3,71050100
