Country Name,Country Code,Indicator Name,Indicator Code,1960,1961,1962,1963,1964,1965,1966,1967,1968,1969,1970,1971,1972,1973,1974,1975,1976,1977,1978,1979,1980,1981,1982,1983,1984,1985,1986,1987,1988,1989,1990,1991,1992,1993,1994,1995,1996,1997,1998,1999,2000,2001,2002,2003,2004,2005,2006,2007,2008,2009,2010,2011,2012,2013,2014,2015,2016,2017
Aruba,ABW,Diabetes prevalence (% of population ages 20 to 79),SH.STA.DIAB.ZS,,,,,,,,,,,,,,,,,,,,,,,,,,,,,,,,,,,,,,,,,,,,,,,,,,,,,,,,,,11.62
Afghanistan,AFG,Diabetes prevalence (% of population ages 20 to 79),SH.STA.DIAB.ZS,,,,,,,,,,,,,,,,,,,,,,,,,,,,,,,,,,,,,,,,,,,,,,,,,,,,,,,,,,9.59
Angola,AGO,Diabetes prevalence (% of population ages 20 to 79),SH.STA.DIAB.ZS,,,,,,,,,,,,,,,,,,,,,,,,,,,,,,,,,,,,,,,,,,,,,,,,,,,,,,,,,,3.94
Albania,ALB,Diabetes prevalence (% of population ages 20 to 79),SH.STA.DIAB.ZS,,,,,,,,,,,,,,,,,,,,,,,,,,,,,,,,,,,,,,,,,,,,,,,,,,,,,,,,,,10.08
Andorra,AND,Diabetes prevalence (% of population ages 20 to 79),SH.STA.DIAB.ZS,,,,,,,,,,,,,,,,,,,,,,,,,,,,,,,,,,,,,,,,,,,,,,,,,,,,,,,,,,7.97
Arab World,ARB,Diabetes prevalence (% of population ages 20 to 79),SH.STA.DIAB.ZS,,,,,,,,,,,,,,,,,,,,,,,,,,,,,,,,,,,,,,,,,,,,,,,,,,,,,,,,,,12.07702042
United Arab Emirates,ARE,Diabetes prevalence (% of population ages 20 to 79),SH.STA.DIAB.ZS,,,,,,,,,,,,,,,,,,,,,,,,,,,,,,,,,,,,,,,,,,,,,,,,,,,,,,,,,,17.26
Argentina,ARG,Diabetes prevalence (% of population ages 20 to 79),SH.STA.DIAB.ZS,,,,,,,,,,,,,,,,,,,,,,,,,,,,,,,,,,,,,,,,,,,,,,,,,,,,,,,,,,5.5
Armenia,ARM,Diabetes prevalence (% of population ages 20 to 79),SH.STA.DIAB.ZS,,,,,,,,,,,,,,,,,,,,,,,,,,,,,,,,,,,,,,,,,,,,,,,,,,,,,,,,,,7.11
American Samoa,ASM,Diabetes prevalence (% of population ages 20 to 79),SH.STA.DIAB.ZS,,,,,,,,,,,,,,,,,,,,,,,,,,,,,,,,,,,,,,,,,,,,,,,,,,,,,,,,,,
Antigua and Barbuda,ATG,Diabetes prevalence (% of population ages 20 to 79),SH.STA.DIAB.ZS,,,,,,,,,,,,,,,,,,,,,,,,,,,,,,,,,,,,,,,,,,,,,,,,,,,,,,,,,,13.17
Australia,AUS,Diabetes prevalence (% of population ages 20 to 79),SH.STA.DIAB.ZS,,,,,,,,,,,,,,,,,,,,,,,,,,,,,,,,,,,,,,,,,,,,,,,,,,,,,,,,,,5.07
Austria,AUT,Diabetes prevalence (% of population ages 20 to 79),SH.STA.DIAB.ZS,,,,,,,,,,,,,,,,,,,,,,,,,,,,,,,,,,,,,,,,,,,,,,,,,,,,,,,,,,6.35
Azerbaijan,AZE,Diabetes prevalence (% of population ages 20 to 79),SH.STA.DIAB.ZS,,,,,,,,,,,,,,,,,,,,,,,,,,,,,,,,,,,,,,,,,,,,,,,,,,,,,,,,,,7.11
Burundi,BDI,Diabetes prevalence (% of population ages 20 to 79),SH.STA.DIAB.ZS,,,,,,,,,,,,,,,,,,,,,,,,,,,,,,,,,,,,,,,,,,,,,,,,,,,,,,,,,,6.05
Belgium,BEL,Diabetes prevalence (% of population ages 20 to 79),SH.STA.DIAB.ZS,,,,,,,,,,,,,,,,,,,,,,,,,,,,,,,,,,,,,,,,,,,,,,,,,,,,,,,,,,4.29
Benin,BEN,Diabetes prevalence (% of population ages 20 to 79),SH.STA.DIAB.ZS,,,,,,,,,,,,,,,,,,,,,,,,,,,,,,,,,,,,,,,,,,,,,,,,,,,,,,,,,,0.99
Burkina Faso,BFA,Diabetes prevalence (% of population ages 20 to 79),SH.STA.DIAB.ZS,,,,,,,,,,,,,,,,,,,,,,,,,,,,,,,,,,,,,,,,,,,,,,,,,,,,,,,,,,2.42
Bangladesh,BGD,Diabetes prevalence (% of population ages 20 to 79),SH.STA.DIAB.ZS,,,,,,,,,,,,,,,,,,,,,,,,,,,,,,,,,,,,,,,,,,,,,,,,,,,,,,,,,,8.38
Bulgaria,BGR,Diabetes prevalence (% of population ages 20 to 79),SH.STA.DIAB.ZS,,,,,,,,,,,,,,,,,,,,,,,,,,,,,,,,,,,,,,,,,,,,,,,,,,,,,,,,,,5.81
Bahrain,BHR,Diabetes prevalence (% of population ages 20 to 79),SH.STA.DIAB.ZS,,,,,,,,,,,,,,,,,,,,,,,,,,,,,,,,,,,,,,,,,,,,,,,,,,,,,,,,,,16.52
"Bahamas, The",BHS,Diabetes prevalence (% of population ages 20 to 79),SH.STA.DIAB.ZS,,,,,,,,,,,,,,,,,,,,,,,,,,,,,,,,,,,,,,,,,,,,,,,,,,,,,,,,,,13.17
Bosnia and Herzegovina,BIH,Diabetes prevalence (% of population ages 20 to 79),SH.STA.DIAB.ZS,,,,,,,,,,,,,,,,,,,,,,,,,,,,,,,,,,,,,,,,,,,,,,,,,,,,,,,,,,10.08
Belarus,BLR,Diabetes prevalence (% of population ages 20 to 79),SH.STA.DIAB.ZS,,,,,,,,,,,,,,,,,,,,,,,,,,,,,,,,,,,,,,,,,,,,,,,,,,,,,,,,,,5.18
Belize,BLZ,Diabetes prevalence (% of population ages 20 to 79),SH.STA.DIAB.ZS,,,,,,,,,,,,,,,,,,,,,,,,,,,,,,,,,,,,,,,,,,,,,,,,,,,,,,,,,,17.11
Bermuda,BMU,Diabetes prevalence (% of population ages 20 to 79),SH.STA.DIAB.ZS,,,,,,,,,,,,,,,,,,,,,,,,,,,,,,,,,,,,,,,,,,,,,,,,,,,,,,,,,,13
Bolivia,BOL,Diabetes prevalence (% of population ages 20 to 79),SH.STA.DIAB.ZS,,,,,,,,,,,,,,,,,,,,,,,,,,,,,,,,,,,,,,,,,,,,,,,,,,,,,,,,,,6.89
Brazil,BRA,Diabetes prevalence (% of population ages 20 to 79),SH.STA.DIAB.ZS,,,,,,,,,,,,,,,,,,,,,,,,,,,,,,,,,,,,,,,,,,,,,,,,,,,,,,,,,,8.11
Barbados,BRB,Diabetes prevalence (% of population ages 20 to 79),SH.STA.DIAB.ZS,,,,,,,,,,,,,,,,,,,,,,,,,,,,,,,,,,,,,,,,,,,,,,,,,,,,,,,,,,13.57
Brunei Darussalam,BRN,Diabetes prevalence (% of population ages 20 to 79),SH.STA.DIAB.ZS,,,,,,,,,,,,,,,,,,,,,,,,,,,,,,,,,,,,,,,,,,,,,,,,,,,,,,,,,,12.79
Bhutan,BTN,Diabetes prevalence (% of population ages 20 to 79),SH.STA.DIAB.ZS,,,,,,,,,,,,,,,,,,,,,,,,,,,,,,,,,,,,,,,,,,,,,,,,,,,,,,,,,,9.75
Botswana,BWA,Diabetes prevalence (% of population ages 20 to 79),SH.STA.DIAB.ZS,,,,,,,,,,,,,,,,,,,,,,,,,,,,,,,,,,,,,,,,,,,,,,,,,,,,,,,,,,4.81
Central African Republic,CAF,Diabetes prevalence (% of population ages 20 to 79),SH.STA.DIAB.ZS,,,,,,,,,,,,,,,,,,,,,,,,,,,,,,,,,,,,,,,,,,,,,,,,,,,,,,,,,,6.1
Canada,CAN,Diabetes prevalence (% of population ages 20 to 79),SH.STA.DIAB.ZS,,,,,,,,,,,,,,,,,,,,,,,,,,,,,,,,,,,,,,,,,,,,,,,,,,,,,,,,,,7.37
Central Europe and the Baltics,CEB,Diabetes prevalence (% of population ages 20 to 79),SH.STA.DIAB.ZS,,,,,,,,,,,,,,,,,,,,,,,,,,,,,,,,,,,,,,,,,,,,,,,,,,,,,,,,,,6.863498635
Switzerland,CHE,Diabetes prevalence (% of population ages 20 to 79),SH.STA.DIAB.ZS,,,,,,,,,,,,,,,,,,,,,,,,,,,,,,,,,,,,,,,,,,,,,,,,,,,,,,,,,,5.59
Channel Islands,CHI,Diabetes prevalence (% of population ages 20 to 79),SH.STA.DIAB.ZS,,,,,,,,,,,,,,,,,,,,,,,,,,,,,,,,,,,,,,,,,,,,,,,,,,,,,,,,,,4.28
Chile,CHL,Diabetes prevalence (% of population ages 20 to 79),SH.STA.DIAB.ZS,,,,,,,,,,,,,,,,,,,,,,,,,,,,,,,,,,,,,,,,,,,,,,,,,,,,,,,,,,8.46
China,CHN,Diabetes prevalence (% of population ages 20 to 79),SH.STA.DIAB.ZS,,,,,,,,,,,,,,,,,,,,,,,,,,,,,,,,,,,,,,,,,,,,,,,,,,,,,,,,,,9.74
Cote d'Ivoire,CIV,Diabetes prevalence (% of population ages 20 to 79),SH.STA.DIAB.ZS,,,,,,,,,,,,,,,,,,,,,,,,,,,,,,,,,,,,,,,,,,,,,,,,,,,,,,,,,,2.42
Cameroon,CMR,Diabetes prevalence (% of population ages 20 to 79),SH.STA.DIAB.ZS,,,,,,,,,,,,,,,,,,,,,,,,,,,,,,,,,,,,,,,,,,,,,,,,,,,,,,,,,,7.2
"Congo, Dem. Rep.",COD,Diabetes prevalence (% of population ages 20 to 79),SH.STA.DIAB.ZS,,,,,,,,,,,,,,,,,,,,,,,,,,,,,,,,,,,,,,,,,,,,,,,,,,,,,,,,,,6.1
"Congo, Rep.",COG,Diabetes prevalence (% of population ages 20 to 79),SH.STA.DIAB.ZS,,,,,,,,,,,,,,,,,,,,,,,,,,,,,,,,,,,,,,,,,,,,,,,,,,,,,,,,,,7.2
Colombia,COL,Diabetes prevalence (% of population ages 20 to 79),SH.STA.DIAB.ZS,,,,,,,,,,,,,,,,,,,,,,,,,,,,,,,,,,,,,,,,,,,,,,,,,,,,,,,,,,7.44
Comoros,COM,Diabetes prevalence (% of population ages 20 to 79),SH.STA.DIAB.ZS,,,,,,,,,,,,,,,,,,,,,,,,,,,,,,,,,,,,,,,,,,,,,,,,,,,,,,,,,,11.88
Cabo Verde,CPV,Diabetes prevalence (% of population ages 20 to 79),SH.STA.DIAB.ZS,,,,,,,,,,,,,,,,,,,,,,,,,,,,,,,,,,,,,,,,,,,,,,,,,,,,,,,,,,2.42
Costa Rica,CRI,Diabetes prevalence (% of population ages 20 to 79),SH.STA.DIAB.ZS,,,,,,,,,,,,,,,,,,,,,,,,,,,,,,,,,,,,,,,,,,,,,,,,,,,,,,,,,,8.78
Caribbean small states,CSS,Diabetes prevalence (% of population ages 20 to 79),SH.STA.DIAB.ZS,,,,,,,,,,,,,,,,,,,,,,,,,,,,,,,,,,,,,,,,,,,,,,,,,,,,,,,,,,11.85982335
Cuba,CUB,Diabetes prevalence (% of population ages 20 to 79),SH.STA.DIAB.ZS,,,,,,,,,,,,,,,,,,,,,,,,,,,,,,,,,,,,,,,,,,,,,,,,,,,,,,,,,,8.27
Curacao,CUW,Diabetes prevalence (% of population ages 20 to 79),SH.STA.DIAB.ZS,,,,,,,,,,,,,,,,,,,,,,,,,,,,,,,,,,,,,,,,,,,,,,,,,,,,,,,,,,11.62
Cayman Islands,CYM,Diabetes prevalence (% of population ages 20 to 79),SH.STA.DIAB.ZS,,,,,,,,,,,,,,,,,,,,,,,,,,,,,,,,,,,,,,,,,,,,,,,,,,,,,,,,,,13.22
Cyprus,CYP,Diabetes prevalence (% of population ages 20 to 79),SH.STA.DIAB.ZS,,,,,,,,,,,,,,,,,,,,,,,,,,,,,,,,,,,,,,,,,,,,,,,,,,,,,,,,,,9.24
Czech Republic,CZE,Diabetes prevalence (% of population ages 20 to 79),SH.STA.DIAB.ZS,,,,,,,,,,,,,,,,,,,,,,,,,,,,,,,,,,,,,,,,,,,,,,,,,,,,,,,,,,6.82
Germany,DEU,Diabetes prevalence (% of population ages 20 to 79),SH.STA.DIAB.ZS,,,,,,,,,,,,,,,,,,,,,,,,,,,,,,,,,,,,,,,,,,,,,,,,,,,,,,,,,,8.31
Djibouti,DJI,Diabetes prevalence (% of population ages 20 to 79),SH.STA.DIAB.ZS,,,,,,,,,,,,,,,,,,,,,,,,,,,,,,,,,,,,,,,,,,,,,,,,,,,,,,,,,,6.05
Dominica,DMA,Diabetes prevalence (% of population ages 20 to 79),SH.STA.DIAB.ZS,,,,,,,,,,,,,,,,,,,,,,,,,,,,,,,,,,,,,,,,,,,,,,,,,,,,,,,,,,11.62
Denmark,DNK,Diabetes prevalence (% of population ages 20 to 79),SH.STA.DIAB.ZS,,,,,,,,,,,,,,,,,,,,,,,,,,,,,,,,,,,,,,,,,,,,,,,,,,,,,,,,,,6.41
Dominican Republic,DOM,Diabetes prevalence (% of population ages 20 to 79),SH.STA.DIAB.ZS,,,,,,,,,,,,,,,,,,,,,,,,,,,,,,,,,,,,,,,,,,,,,,,,,,,,,,,,,,8.2
Algeria,DZA,Diabetes prevalence (% of population ages 20 to 79),SH.STA.DIAB.ZS,,,,,,,,,,,,,,,,,,,,,,,,,,,,,,,,,,,,,,,,,,,,,,,,,,,,,,,,,,6.73
East Asia & Pacific (excluding high income),EAP,Diabetes prevalence (% of population ages 20 to 79),SH.STA.DIAB.ZS,,,,,,,,,,,,,,,,,,,,,,,,,,,,,,,,,,,,,,,,,,,,,,,,,,,,,,,,,,8.841313415
Early-demographic dividend,EAR,Diabetes prevalence (% of population ages 20 to 79),SH.STA.DIAB.ZS,,,,,,,,,,,,,,,,,,,,,,,,,,,,,,,,,,,,,,,,,,,,,,,,,,,,,,,,,,9.326120712
East Asia & Pacific,EAS,Diabetes prevalence (% of population ages 20 to 79),SH.STA.DIAB.ZS,,,,,,,,,,,,,,,,,,,,,,,,,,,,,,,,,,,,,,,,,,,,,,,,,,,,,,,,,,8.572328097
Europe & Central Asia (excluding high income),ECA,Diabetes prevalence (% of population ages 20 to 79),SH.STA.DIAB.ZS,,,,,,,,,,,,,,,,,,,,,,,,,,,,,,,,,,,,,,,,,,,,,,,,,,,,,,,,,,7.904926122
Europe & Central Asia,ECS,Diabetes prevalence (% of population ages 20 to 79),SH.STA.DIAB.ZS,,,,,,,,,,,,,,,,,,,,,,,,,,,,,,,,,,,,,,,,,,,,,,,,,,,,,,,,,,6.800253144
Ecuador,ECU,Diabetes prevalence (% of population ages 20 to 79),SH.STA.DIAB.ZS,,,,,,,,,,,,,,,,,,,,,,,,,,,,,,,,,,,,,,,,,,,,,,,,,,,,,,,,,,5.55
"Egypt, Arab Rep.",EGY,Diabetes prevalence (% of population ages 20 to 79),SH.STA.DIAB.ZS,,,,,,,,,,,,,,,,,,,,,,,,,,,,,,,,,,,,,,,,,,,,,,,,,,,,,,,,,,17.31
Euro area,EMU,Diabetes prevalence (% of population ages 20 to 79),SH.STA.DIAB.ZS,,,,,,,,,,,,,,,,,,,,,,,,,,,,,,,,,,,,,,,,,,,,,,,,,,,,,,,,,,6.237540214
Eritrea,ERI,Diabetes prevalence (% of population ages 20 to 79),SH.STA.DIAB.ZS,,,,,,,,,,,,,,,,,,,,,,,,,,,,,,,,,,,,,,,,,,,,,,,,,,,,,,,,,,6.05
Spain,ESP,Diabetes prevalence (% of population ages 20 to 79),SH.STA.DIAB.ZS,,,,,,,,,,,,,,,,,,,,,,,,,,,,,,,,,,,,,,,,,,,,,,,,,,,,,,,,,,7.17
Estonia,EST,Diabetes prevalence (% of population ages 20 to 79),SH.STA.DIAB.ZS,,,,,,,,,,,,,,,,,,,,,,,,,,,,,,,,,,,,,,,,,,,,,,,,,,,,,,,,,,4.02
Ethiopia,ETH,Diabetes prevalence (% of population ages 20 to 79),SH.STA.DIAB.ZS,,,,,,,,,,,,,,,,,,,,,,,,,,,,,,,,,,,,,,,,,,,,,,,,,,,,,,,,,,7.47
European Union,EUU,Diabetes prevalence (% of population ages 20 to 79),SH.STA.DIAB.ZS,,,,,,,,,,,,,,,,,,,,,,,,,,,,,,,,,,,,,,,,,,,,,,,,,,,,,,,,,,6.102228485
Fragile and conflict affected situations,FCS,Diabetes prevalence (% of population ages 20 to 79),SH.STA.DIAB.ZS,,,,,,,,,,,,,,,,,,,,,,,,,,,,,,,,,,,,,,,,,,,,,,,,,,,,,,,,,,7.075992896
Finland,FIN,Diabetes prevalence (% of population ages 20 to 79),SH.STA.DIAB.ZS,,,,,,,,,,,,,,,,,,,,,,,,,,,,,,,,,,,,,,,,,,,,,,,,,,,,,,,,,,5.76
Fiji,FJI,Diabetes prevalence (% of population ages 20 to 79),SH.STA.DIAB.ZS,,,,,,,,,,,,,,,,,,,,,,,,,,,,,,,,,,,,,,,,,,,,,,,,,,,,,,,,,,14.49
France,FRA,Diabetes prevalence (% of population ages 20 to 79),SH.STA.DIAB.ZS,,,,,,,,,,,,,,,,,,,,,,,,,,,,,,,,,,,,,,,,,,,,,,,,,,,,,,,,,,4.77
Faroe Islands,FRO,Diabetes prevalence (% of population ages 20 to 79),SH.STA.DIAB.ZS,,,,,,,,,,,,,,,,,,,,,,,,,,,,,,,,,,,,,,,,,,,,,,,,,,,,,,,,,,
"Micronesia, Fed. Sts.",FSM,Diabetes prevalence (% of population ages 20 to 79),SH.STA.DIAB.ZS,,,,,,,,,,,,,,,,,,,,,,,,,,,,,,,,,,,,,,,,,,,,,,,,,,,,,,,,,,12.02
Gabon,GAB,Diabetes prevalence (% of population ages 20 to 79),SH.STA.DIAB.ZS,,,,,,,,,,,,,,,,,,,,,,,,,,,,,,,,,,,,,,,,,,,,,,,,,,,,,,,,,,7.2
United Kingdom,GBR,Diabetes prevalence (% of population ages 20 to 79),SH.STA.DIAB.ZS,,,,,,,,,,,,,,,,,,,,,,,,,,,,,,,,,,,,,,,,,,,,,,,,,,,,,,,,,,4.28
Georgia,GEO,Diabetes prevalence (% of population ages 20 to 79),SH.STA.DIAB.ZS,,,,,,,,,,,,,,,,,,,,,,,,,,,,,,,,,,,,,,,,,,,,,,,,,,,,,,,,,,7.11
Ghana,GHA,Diabetes prevalence (% of population ages 20 to 79),SH.STA.DIAB.ZS,,,,,,,,,,,,,,,,,,,,,,,,,,,,,,,,,,,,,,,,,,,,,,,,,,,,,,,,,,4.97
Gibraltar,GIB,Diabetes prevalence (% of population ages 20 to 79),SH.STA.DIAB.ZS,,,,,,,,,,,,,,,,,,,,,,,,,,,,,,,,,,,,,,,,,,,,,,,,,,,,,,,,,,
Guinea,GIN,Diabetes prevalence (% of population ages 20 to 79),SH.STA.DIAB.ZS,,,,,,,,,,,,,,,,,,,,,,,,,,,,,,,,,,,,,,,,,,,,,,,,,,,,,,,,,,2.42
"Gambia, The",GMB,Diabetes prevalence (% of population ages 20 to 79),SH.STA.DIAB.ZS,,,,,,,,,,,,,,,,,,,,,,,,,,,,,,,,,,,,,,,,,,,,,,,,,,,,,,,,,,1.91
Guinea-Bissau,GNB,Diabetes prevalence (% of population ages 20 to 79),SH.STA.DIAB.ZS,,,,,,,,,,,,,,,,,,,,,,,,,,,,,,,,,,,,,,,,,,,,,,,,,,,,,,,,,,2.42
Equatorial Guinea,GNQ,Diabetes prevalence (% of population ages 20 to 79),SH.STA.DIAB.ZS,,,,,,,,,,,,,,,,,,,,,,,,,,,,,,,,,,,,,,,,,,,,,,,,,,,,,,,,,,7.78
Greece,GRC,Diabetes prevalence (% of population ages 20 to 79),SH.STA.DIAB.ZS,,,,,,,,,,,,,,,,,,,,,,,,,,,,,,,,,,,,,,,,,,,,,,,,,,,,,,,,,,4.55
Grenada,GRD,Diabetes prevalence (% of population ages 20 to 79),SH.STA.DIAB.ZS,,,,,,,,,,,,,,,,,,,,,,,,,,,,,,,,,,,,,,,,,,,,,,,,,,,,,,,,,,10.71
Greenland,GRL,Diabetes prevalence (% of population ages 20 to 79),SH.STA.DIAB.ZS,,,,,,,,,,,,,,,,,,,,,,,,,,,,,,,,,,,,,,,,,,,,,,,,,,,,,,,,,,2.16
Guatemala,GTM,Diabetes prevalence (% of population ages 20 to 79),SH.STA.DIAB.ZS,,,,,,,,,,,,,,,,,,,,,,,,,,,,,,,,,,,,,,,,,,,,,,,,,,,,,,,,,,10.18
Guam,GUM,Diabetes prevalence (% of population ages 20 to 79),SH.STA.DIAB.ZS,,,,,,,,,,,,,,,,,,,,,,,,,,,,,,,,,,,,,,,,,,,,,,,,,,,,,,,,,,21.52
Guyana,GUY,Diabetes prevalence (% of population ages 20 to 79),SH.STA.DIAB.ZS,,,,,,,,,,,,,,,,,,,,,,,,,,,,,,,,,,,,,,,,,,,,,,,,,,,,,,,,,,11.62
High income,HIC,Diabetes prevalence (% of population ages 20 to 79),SH.STA.DIAB.ZS,,,,,,,,,,,,,,,,,,,,,,,,,,,,,,,,,,,,,,,,,,,,,,,,,,,,,,,,,,7.854356362
"Hong Kong SAR, China",HKG,Diabetes prevalence (% of population ages 20 to 79),SH.STA.DIAB.ZS,,,,,,,,,,,,,,,,,,,,,,,,,,,,,,,,,,,,,,,,,,,,,,,,,,,,,,,,,,8.33
Honduras,HND,Diabetes prevalence (% of population ages 20 to 79),SH.STA.DIAB.ZS,,,,,,,,,,,,,,,,,,,,,,,,,,,,,,,,,,,,,,,,,,,,,,,,,,,,,,,,,,7.21
Heavily indebted poor countries (HIPC),HPC,Diabetes prevalence (% of population ages 20 to 79),SH.STA.DIAB.ZS,,,,,,,,,,,,,,,,,,,,,,,,,,,,,,,,,,,,,,,,,,,,,,,,,,,,,,,,,,5.870315343
Croatia,HRV,Diabetes prevalence (% of population ages 20 to 79),SH.STA.DIAB.ZS,,,,,,,,,,,,,,,,,,,,,,,,,,,,,,,,,,,,,,,,,,,,,,,,,,,,,,,,,,5.59
Haiti,HTI,Diabetes prevalence (% of population ages 20 to 79),SH.STA.DIAB.ZS,,,,,,,,,,,,,,,,,,,,,,,,,,,,,,,,,,,,,,,,,,,,,,,,,,,,,,,,,,6.65
Hungary,HUN,Diabetes prevalence (% of population ages 20 to 79),SH.STA.DIAB.ZS,,,,,,,,,,,,,,,,,,,,,,,,,,,,,,,,,,,,,,,,,,,,,,,,,,,,,,,,,,7.55
IBRD only,IBD,Diabetes prevalence (% of population ages 20 to 79),SH.STA.DIAB.ZS,,,,,,,,,,,,,,,,,,,,,,,,,,,,,,,,,,,,,,,,,,,,,,,,,,,,,,,,,,9.318548014
IDA & IBRD total,IBT,Diabetes prevalence (% of population ages 20 to 79),SH.STA.DIAB.ZS,,,,,,,,,,,,,,,,,,,,,,,,,,,,,,,,,,,,,,,,,,,,,,,,,,,,,,,,,,8.633699588
IDA total,IDA,Diabetes prevalence (% of population ages 20 to 79),SH.STA.DIAB.ZS,,,,,,,,,,,,,,,,,,,,,,,,,,,,,,,,,,,,,,,,,,,,,,,,,,,,,,,,,,6.110119048
IDA blend,IDB,Diabetes prevalence (% of population ages 20 to 79),SH.STA.DIAB.ZS,,,,,,,,,,,,,,,,,,,,,,,,,,,,,,,,,,,,,,,,,,,,,,,,,,,,,,,,,,5.704259902
Indonesia,IDN,Diabetes prevalence (% of population ages 20 to 79),SH.STA.DIAB.ZS,,,,,,,,,,,,,,,,,,,,,,,,,,,,,,,,,,,,,,,,,,,,,,,,,,,,,,,,,,6.32
IDA only,IDX,Diabetes prevalence (% of population ages 20 to 79),SH.STA.DIAB.ZS,,,,,,,,,,,,,,,,,,,,,,,,,,,,,,,,,,,,,,,,,,,,,,,,,,,,,,,,,,6.312817889
Isle of Man,IMN,Diabetes prevalence (% of population ages 20 to 79),SH.STA.DIAB.ZS,,,,,,,,,,,,,,,,,,,,,,,,,,,,,,,,,,,,,,,,,,,,,,,,,,,,,,,,,,
India,IND,Diabetes prevalence (% of population ages 20 to 79),SH.STA.DIAB.ZS,,,,,,,,,,,,,,,,,,,,,,,,,,,,,,,,,,,,,,,,,,,,,,,,,,,,,,,,,,10.39
Not classified,INX,Diabetes prevalence (% of population ages 20 to 79),SH.STA.DIAB.ZS,,,,,,,,,,,,,,,,,,,,,,,,,,,,,,,,,,,,,,,,,,,,,,,,,,,,,,,,,,
Ireland,IRL,Diabetes prevalence (% of population ages 20 to 79),SH.STA.DIAB.ZS,,,,,,,,,,,,,,,,,,,,,,,,,,,,,,,,,,,,,,,,,,,,,,,,,,,,,,,,,,3.28
"Iran, Islamic Rep.",IRN,Diabetes prevalence (% of population ages 20 to 79),SH.STA.DIAB.ZS,,,,,,,,,,,,,,,,,,,,,,,,,,,,,,,,,,,,,,,,,,,,,,,,,,,,,,,,,,9.59
Iraq,IRQ,Diabetes prevalence (% of population ages 20 to 79),SH.STA.DIAB.ZS,,,,,,,,,,,,,,,,,,,,,,,,,,,,,,,,,,,,,,,,,,,,,,,,,,,,,,,,,,8.83
Iceland,ISL,Diabetes prevalence (% of population ages 20 to 79),SH.STA.DIAB.ZS,,,,,,,,,,,,,,,,,,,,,,,,,,,,,,,,,,,,,,,,,,,,,,,,,,,,,,,,,,5.31
Israel,ISR,Diabetes prevalence (% of population ages 20 to 79),SH.STA.DIAB.ZS,,,,,,,,,,,,,,,,,,,,,,,,,,,,,,,,,,,,,,,,,,,,,,,,,,,,,,,,,,6.74
Italy,ITA,Diabetes prevalence (% of population ages 20 to 79),SH.STA.DIAB.ZS,,,,,,,,,,,,,,,,,,,,,,,,,,,,,,,,,,,,,,,,,,,,,,,,,,,,,,,,,,4.78
Jamaica,JAM,Diabetes prevalence (% of population ages 20 to 79),SH.STA.DIAB.ZS,,,,,,,,,,,,,,,,,,,,,,,,,,,,,,,,,,,,,,,,,,,,,,,,,,,,,,,,,,11.28
Jordan,JOR,Diabetes prevalence (% of population ages 20 to 79),SH.STA.DIAB.ZS,,,,,,,,,,,,,,,,,,,,,,,,,,,,,,,,,,,,,,,,,,,,,,,,,,,,,,,,,,11.75
Japan,JPN,Diabetes prevalence (% of population ages 20 to 79),SH.STA.DIAB.ZS,,,,,,,,,,,,,,,,,,,,,,,,,,,,,,,,,,,,,,,,,,,,,,,,,,,,,,,,,,5.72
Kazakhstan,KAZ,Diabetes prevalence (% of population ages 20 to 79),SH.STA.DIAB.ZS,,,,,,,,,,,,,,,,,,,,,,,,,,,,,,,,,,,,,,,,,,,,,,,,,,,,,,,,,,7.11
Kenya,KEN,Diabetes prevalence (% of population ages 20 to 79),SH.STA.DIAB.ZS,,,,,,,,,,,,,,,,,,,,,,,,,,,,,,,,,,,,,,,,,,,,,,,,,,,,,,,,,,2.92
Kyrgyz Republic,KGZ,Diabetes prevalence (% of population ages 20 to 79),SH.STA.DIAB.ZS,,,,,,,,,,,,,,,,,,,,,,,,,,,,,,,,,,,,,,,,,,,,,,,,,,,,,,,,,,7.11
Cambodia,KHM,Diabetes prevalence (% of population ages 20 to 79),SH.STA.DIAB.ZS,,,,,,,,,,,,,,,,,,,,,,,,,,,,,,,,,,,,,,,,,,,,,,,,,,,,,,,,,,4
Kiribati,KIR,Diabetes prevalence (% of population ages 20 to 79),SH.STA.DIAB.ZS,,,,,,,,,,,,,,,,,,,,,,,,,,,,,,,,,,,,,,,,,,,,,,,,,,,,,,,,,,22.66
St. Kitts and Nevis,KNA,Diabetes prevalence (% of population ages 20 to 79),SH.STA.DIAB.ZS,,,,,,,,,,,,,,,,,,,,,,,,,,,,,,,,,,,,,,,,,,,,,,,,,,,,,,,,,,12.84
"Korea, Rep.",KOR,Diabetes prevalence (% of population ages 20 to 79),SH.STA.DIAB.ZS,,,,,,,,,,,,,,,,,,,,,,,,,,,,,,,,,,,,,,,,,,,,,,,,,,,,,,,,,,6.8
Kuwait,KWT,Diabetes prevalence (% of population ages 20 to 79),SH.STA.DIAB.ZS,,,,,,,,,,,,,,,,,,,,,,,,,,,,,,,,,,,,,,,,,,,,,,,,,,,,,,,,,,15.84
Latin America & Caribbean (excluding high income),LAC,Diabetes prevalence (% of population ages 20 to 79),SH.STA.DIAB.ZS,,,,,,,,,,,,,,,,,,,,,,,,,,,,,,,,,,,,,,,,,,,,,,,,,,,,,,,,,,8.956255812
Lao PDR,LAO,Diabetes prevalence (% of population ages 20 to 79),SH.STA.DIAB.ZS,,,,,,,,,,,,,,,,,,,,,,,,,,,,,,,,,,,,,,,,,,,,,,,,,,,,,,,,,,4
Lebanon,LBN,Diabetes prevalence (% of population ages 20 to 79),SH.STA.DIAB.ZS,,,,,,,,,,,,,,,,,,,,,,,,,,,,,,,,,,,,,,,,,,,,,,,,,,,,,,,,,,12.71
Liberia,LBR,Diabetes prevalence (% of population ages 20 to 79),SH.STA.DIAB.ZS,,,,,,,,,,,,,,,,,,,,,,,,,,,,,,,,,,,,,,,,,,,,,,,,,,,,,,,,,,2.42
Libya,LBY,Diabetes prevalence (% of population ages 20 to 79),SH.STA.DIAB.ZS,,,,,,,,,,,,,,,,,,,,,,,,,,,,,,,,,,,,,,,,,,,,,,,,,,,,,,,,,,10.43
St. Lucia,LCA,Diabetes prevalence (% of population ages 20 to 79),SH.STA.DIAB.ZS,,,,,,,,,,,,,,,,,,,,,,,,,,,,,,,,,,,,,,,,,,,,,,,,,,,,,,,,,,11.62
Latin America & Caribbean,LCN,Diabetes prevalence (% of population ages 20 to 79),SH.STA.DIAB.ZS,,,,,,,,,,,,,,,,,,,,,,,,,,,,,,,,,,,,,,,,,,,,,,,,,,,,,,,,,,8.722751287
Least developed countries: UN classification,LDC,Diabetes prevalence (% of population ages 20 to 79),SH.STA.DIAB.ZS,,,,,,,,,,,,,,,,,,,,,,,,,,,,,,,,,,,,,,,,,,,,,,,,,,,,,,,,,,6.275067304
Low income,LIC,Diabetes prevalence (% of population ages 20 to 79),SH.STA.DIAB.ZS,,,,,,,,,,,,,,,,,,,,,,,,,,,,,,,,,,,,,,,,,,,,,,,,,,,,,,,,,,5.400122796
Liechtenstein,LIE,Diabetes prevalence (% of population ages 20 to 79),SH.STA.DIAB.ZS,,,,,,,,,,,,,,,,,,,,,,,,,,,,,,,,,,,,,,,,,,,,,,,,,,,,,,,,,,7.77
Sri Lanka,LKA,Diabetes prevalence (% of population ages 20 to 79),SH.STA.DIAB.ZS,,,,,,,,,,,,,,,,,,,,,,,,,,,,,,,,,,,,,,,,,,,,,,,,,,,,,,,,,,10.68
Lower middle income,LMC,Diabetes prevalence (% of population ages 20 to 79),SH.STA.DIAB.ZS,,,,,,,,,,,,,,,,,,,,,,,,,,,,,,,,,,,,,,,,,,,,,,,,,,,,,,,,,,8.710050297
Low & middle income,LMY,Diabetes prevalence (% of population ages 20 to 79),SH.STA.DIAB.ZS,,,,,,,,,,,,,,,,,,,,,,,,,,,,,,,,,,,,,,,,,,,,,,,,,,,,,,,,,,8.659333009
Lesotho,LSO,Diabetes prevalence (% of population ages 20 to 79),SH.STA.DIAB.ZS,,,,,,,,,,,,,,,,,,,,,,,,,,,,,,,,,,,,,,,,,,,,,,,,,,,,,,,,,,3.94
Late-demographic dividend,LTE,Diabetes prevalence (% of population ages 20 to 79),SH.STA.DIAB.ZS,,,,,,,,,,,,,,,,,,,,,,,,,,,,,,,,,,,,,,,,,,,,,,,,,,,,,,,,,,9.003640266
Lithuania,LTU,Diabetes prevalence (% of population ages 20 to 79),SH.STA.DIAB.ZS,,,,,,,,,,,,,,,,,,,,,,,,,,,,,,,,,,,,,,,,,,,,,,,,,,,,,,,,,,3.67
Luxembourg,LUX,Diabetes prevalence (% of population ages 20 to 79),SH.STA.DIAB.ZS,,,,,,,,,,,,,,,,,,,,,,,,,,,,,,,,,,,,,,,,,,,,,,,,,,,,,,,,,,4.42
Latvia,LVA,Diabetes prevalence (% of population ages 20 to 79),SH.STA.DIAB.ZS,,,,,,,,,,,,,,,,,,,,,,,,,,,,,,,,,,,,,,,,,,,,,,,,,,,,,,,,,,4.91
"Macao SAR, China",MAC,Diabetes prevalence (% of population ages 20 to 79),SH.STA.DIAB.ZS,,,,,,,,,,,,,,,,,,,,,,,,,,,,,,,,,,,,,,,,,,,,,,,,,,,,,,,,,,
St. Martin (French part),MAF,Diabetes prevalence (% of population ages 20 to 79),SH.STA.DIAB.ZS,,,,,,,,,,,,,,,,,,,,,,,,,,,,,,,,,,,,,,,,,,,,,,,,,,,,,,,,,,
Morocco,MAR,Diabetes prevalence (% of population ages 20 to 79),SH.STA.DIAB.ZS,,,,,,,,,,,,,,,,,,,,,,,,,,,,,,,,,,,,,,,,,,,,,,,,,,,,,,,,,,7.14
Monaco,MCO,Diabetes prevalence (% of population ages 20 to 79),SH.STA.DIAB.ZS,,,,,,,,,,,,,,,,,,,,,,,,,,,,,,,,,,,,,,,,,,,,,,,,,,,,,,,,,,5.46
Moldova,MDA,Diabetes prevalence (% of population ages 20 to 79),SH.STA.DIAB.ZS,,,,,,,,,,,,,,,,,,,,,,,,,,,,,,,,,,,,,,,,,,,,,,,,,,,,,,,,,,5.72
Madagascar,MDG,Diabetes prevalence (% of population ages 20 to 79),SH.STA.DIAB.ZS,,,,,,,,,,,,,,,,,,,,,,,,,,,,,,,,,,,,,,,,,,,,,,,,,,,,,,,,,,3.94
Maldives,MDV,Diabetes prevalence (% of population ages 20 to 79),SH.STA.DIAB.ZS,,,,,,,,,,,,,,,,,,,,,,,,,,,,,,,,,,,,,,,,,,,,,,,,,,,,,,,,,,9.19
Middle East & North Africa,MEA,Diabetes prevalence (% of population ages 20 to 79),SH.STA.DIAB.ZS,,,,,,,,,,,,,,,,,,,,,,,,,,,,,,,,,,,,,,,,,,,,,,,,,,,,,,,,,,11.42826239
Mexico,MEX,Diabetes prevalence (% of population ages 20 to 79),SH.STA.DIAB.ZS,,,,,,,,,,,,,,,,,,,,,,,,,,,,,,,,,,,,,,,,,,,,,,,,,,,,,,,,,,13.06
Marshall Islands,MHL,Diabetes prevalence (% of population ages 20 to 79),SH.STA.DIAB.ZS,,,,,,,,,,,,,,,,,,,,,,,,,,,,,,,,,,,,,,,,,,,,,,,,,,,,,,,,,,30.53
Middle income,MIC,Diabetes prevalence (% of population ages 20 to 79),SH.STA.DIAB.ZS,,,,,,,,,,,,,,,,,,,,,,,,,,,,,,,,,,,,,,,,,,,,,,,,,,,,,,,,,,8.995414525
"Macedonia, FYR",MKD,Diabetes prevalence (% of population ages 20 to 79),SH.STA.DIAB.ZS,,,,,,,,,,,,,,,,,,,,,,,,,,,,,,,,,,,,,,,,,,,,,,,,,,,,,,,,,,10.08
Mali,MLI,Diabetes prevalence (% of population ages 20 to 79),SH.STA.DIAB.ZS,,,,,,,,,,,,,,,,,,,,,,,,,,,,,,,,,,,,,,,,,,,,,,,,,,,,,,,,,,2.42
Malta,MLT,Diabetes prevalence (% of population ages 20 to 79),SH.STA.DIAB.ZS,,,,,,,,,,,,,,,,,,,,,,,,,,,,,,,,,,,,,,,,,,,,,,,,,,,,,,,,,,8.83
Myanmar,MMR,Diabetes prevalence (% of population ages 20 to 79),SH.STA.DIAB.ZS,,,,,,,,,,,,,,,,,,,,,,,,,,,,,,,,,,,,,,,,,,,,,,,,,,,,,,,,,,4.61
Middle East & North Africa (excluding high income),MNA,Diabetes prevalence (% of population ages 20 to 79),SH.STA.DIAB.ZS,,,,,,,,,,,,,,,,,,,,,,,,,,,,,,,,,,,,,,,,,,,,,,,,,,,,,,,,,,10.63120971
Montenegro,MNE,Diabetes prevalence (% of population ages 20 to 79),SH.STA.DIAB.ZS,,,,,,,,,,,,,,,,,,,,,,,,,,,,,,,,,,,,,,,,,,,,,,,,,,,,,,,,,,10.08
Mongolia,MNG,Diabetes prevalence (% of population ages 20 to 79),SH.STA.DIAB.ZS,,,,,,,,,,,,,,,,,,,,,,,,,,,,,,,,,,,,,,,,,,,,,,,,,,,,,,,,,,4.82
Northern Mariana Islands,MNP,Diabetes prevalence (% of population ages 20 to 79),SH.STA.DIAB.ZS,,,,,,,,,,,,,,,,,,,,,,,,,,,,,,,,,,,,,,,,,,,,,,,,,,,,,,,,,,
Mozambique,MOZ,Diabetes prevalence (% of population ages 20 to 79),SH.STA.DIAB.ZS,,,,,,,,,,,,,,,,,,,,,,,,,,,,,,,,,,,,,,,,,,,,,,,,,,,,,,,,,,3.3
Mauritania,MRT,Diabetes prevalence (% of population ages 20 to 79),SH.STA.DIAB.ZS,,,,,,,,,,,,,,,,,,,,,,,,,,,,,,,,,,,,,,,,,,,,,,,,,,,,,,,,,,2.42
Mauritius,MUS,Diabetes prevalence (% of population ages 20 to 79),SH.STA.DIAB.ZS,,,,,,,,,,,,,,,,,,,,,,,,,,,,,,,,,,,,,,,,,,,,,,,,,,,,,,,,,,22.02
Malawi,MWI,Diabetes prevalence (% of population ages 20 to 79),SH.STA.DIAB.ZS,,,,,,,,,,,,,,,,,,,,,,,,,,,,,,,,,,,,,,,,,,,,,,,,,,,,,,,,,,3.94
Malaysia,MYS,Diabetes prevalence (% of population ages 20 to 79),SH.STA.DIAB.ZS,,,,,,,,,,,,,,,,,,,,,,,,,,,,,,,,,,,,,,,,,,,,,,,,,,,,,,,,,,16.74
North America,NAC,Diabetes prevalence (% of population ages 20 to 79),SH.STA.DIAB.ZS,,,,,,,,,,,,,,,,,,,,,,,,,,,,,,,,,,,,,,,,,,,,,,,,,,,,,,,,,,10.43256066
Namibia,NAM,Diabetes prevalence (% of population ages 20 to 79),SH.STA.DIAB.ZS,,,,,,,,,,,,,,,,,,,,,,,,,,,,,,,,,,,,,,,,,,,,,,,,,,,,,,,,,,3.94
New Caledonia,NCL,Diabetes prevalence (% of population ages 20 to 79),SH.STA.DIAB.ZS,,,,,,,,,,,,,,,,,,,,,,,,,,,,,,,,,,,,,,,,,,,,,,,,,,,,,,,,,,23.36
Niger,NER,Diabetes prevalence (% of population ages 20 to 79),SH.STA.DIAB.ZS,,,,,,,,,,,,,,,,,,,,,,,,,,,,,,,,,,,,,,,,,,,,,,,,,,,,,,,,,,2.42
Nigeria,NGA,Diabetes prevalence (% of population ages 20 to 79),SH.STA.DIAB.ZS,,,,,,,,,,,,,,,,,,,,,,,,,,,,,,,,,,,,,,,,,,,,,,,,,,,,,,,,,,2.42
Nicaragua,NIC,Diabetes prevalence (% of population ages 20 to 79),SH.STA.DIAB.ZS,,,,,,,,,,,,,,,,,,,,,,,,,,,,,,,,,,,,,,,,,,,,,,,,,,,,,,,,,,11.47
Netherlands,NLD,Diabetes prevalence (% of population ages 20 to 79),SH.STA.DIAB.ZS,,,,,,,,,,,,,,,,,,,,,,,,,,,,,,,,,,,,,,,,,,,,,,,,,,,,,,,,,,5.29
Norway,NOR,Diabetes prevalence (% of population ages 20 to 79),SH.STA.DIAB.ZS,,,,,,,,,,,,,,,,,,,,,,,,,,,,,,,,,,,,,,,,,,,,,,,,,,,,,,,,,,5.31
Nepal,NPL,Diabetes prevalence (% of population ages 20 to 79),SH.STA.DIAB.ZS,,,,,,,,,,,,,,,,,,,,,,,,,,,,,,,,,,,,,,,,,,,,,,,,,,,,,,,,,,7.26
Nauru,NRU,Diabetes prevalence (% of population ages 20 to 79),SH.STA.DIAB.ZS,,,,,,,,,,,,,,,,,,,,,,,,,,,,,,,,,,,,,,,,,,,,,,,,,,,,,,,,,,24.07
New Zealand,NZL,Diabetes prevalence (% of population ages 20 to 79),SH.STA.DIAB.ZS,,,,,,,,,,,,,,,,,,,,,,,,,,,,,,,,,,,,,,,,,,,,,,,,,,,,,,,,,,8.08
OECD members,OED,Diabetes prevalence (% of population ages 20 to 79),SH.STA.DIAB.ZS,,,,,,,,,,,,,,,,,,,,,,,,,,,,,,,,,,,,,,,,,,,,,,,,,,,,,,,,,,8.217531791
Oman,OMN,Diabetes prevalence (% of population ages 20 to 79),SH.STA.DIAB.ZS,,,,,,,,,,,,,,,,,,,,,,,,,,,,,,,,,,,,,,,,,,,,,,,,,,,,,,,,,,12.61
Other small states,OSS,Diabetes prevalence (% of population ages 20 to 79),SH.STA.DIAB.ZS,,,,,,,,,,,,,,,,,,,,,,,,,,,,,,,,,,,,,,,,,,,,,,,,,,,,,,,,,,8.309746004
Pakistan,PAK,Diabetes prevalence (% of population ages 20 to 79),SH.STA.DIAB.ZS,,,,,,,,,,,,,,,,,,,,,,,,,,,,,,,,,,,,,,,,,,,,,,,,,,,,,,,,,,8.35
Panama,PAN,Diabetes prevalence (% of population ages 20 to 79),SH.STA.DIAB.ZS,,,,,,,,,,,,,,,,,,,,,,,,,,,,,,,,,,,,,,,,,,,,,,,,,,,,,,,,,,8.33
Peru,PER,Diabetes prevalence (% of population ages 20 to 79),SH.STA.DIAB.ZS,,,,,,,,,,,,,,,,,,,,,,,,,,,,,,,,,,,,,,,,,,,,,,,,,,,,,,,,,,5.95
Philippines,PHL,Diabetes prevalence (% of population ages 20 to 79),SH.STA.DIAB.ZS,,,,,,,,,,,,,,,,,,,,,,,,,,,,,,,,,,,,,,,,,,,,,,,,,,,,,,,,,,7.07
Palau,PLW,Diabetes prevalence (% of population ages 20 to 79),SH.STA.DIAB.ZS,,,,,,,,,,,,,,,,,,,,,,,,,,,,,,,,,,,,,,,,,,,,,,,,,,,,,,,,,,15.89
Papua New Guinea,PNG,Diabetes prevalence (% of population ages 20 to 79),SH.STA.DIAB.ZS,,,,,,,,,,,,,,,,,,,,,,,,,,,,,,,,,,,,,,,,,,,,,,,,,,,,,,,,,,17.65
Poland,POL,Diabetes prevalence (% of population ages 20 to 79),SH.STA.DIAB.ZS,,,,,,,,,,,,,,,,,,,,,,,,,,,,,,,,,,,,,,,,,,,,,,,,,,,,,,,,,,5.91
Pre-demographic dividend,PRE,Diabetes prevalence (% of population ages 20 to 79),SH.STA.DIAB.ZS,,,,,,,,,,,,,,,,,,,,,,,,,,,,,,,,,,,,,,,,,,,,,,,,,,,,,,,,,,4.872167869
Puerto Rico,PRI,Diabetes prevalence (% of population ages 20 to 79),SH.STA.DIAB.ZS,,,,,,,,,,,,,,,,,,,,,,,,,,,,,,,,,,,,,,,,,,,,,,,,,,,,,,,,,,12.9
"Korea, Dem. People�s Rep.",PRK,Diabetes prevalence (% of population ages 20 to 79),SH.STA.DIAB.ZS,,,,,,,,,,,,,,,,,,,,,,,,,,,,,,,,,,,,,,,,,,,,,,,,,,,,,,,,,,4
Portugal,PRT,Diabetes prevalence (% of population ages 20 to 79),SH.STA.DIAB.ZS,,,,,,,,,,,,,,,,,,,,,,,,,,,,,,,,,,,,,,,,,,,,,,,,,,,,,,,,,,9.85
Paraguay,PRY,Diabetes prevalence (% of population ages 20 to 79),SH.STA.DIAB.ZS,,,,,,,,,,,,,,,,,,,,,,,,,,,,,,,,,,,,,,,,,,,,,,,,,,,,,,,,,,8.27
West Bank and Gaza,PSE,Diabetes prevalence (% of population ages 20 to 79),SH.STA.DIAB.ZS,,,,,,,,,,,,,,,,,,,,,,,,,,,,,,,,,,,,,,,,,,,,,,,,,,,,,,,,,,10.59
Pacific island small states,PSS,Diabetes prevalence (% of population ages 20 to 79),SH.STA.DIAB.ZS,,,,,,,,,,,,,,,,,,,,,,,,,,,,,,,,,,,,,,,,,,,,,,,,,,,,,,,,,,15.12670822
Post-demographic dividend,PST,Diabetes prevalence (% of population ages 20 to 79),SH.STA.DIAB.ZS,,,,,,,,,,,,,,,,,,,,,,,,,,,,,,,,,,,,,,,,,,,,,,,,,,,,,,,,,,7.505684008
French Polynesia,PYF,Diabetes prevalence (% of population ages 20 to 79),SH.STA.DIAB.ZS,,,,,,,,,,,,,,,,,,,,,,,,,,,,,,,,,,,,,,,,,,,,,,,,,,,,,,,,,,22.63
Qatar,QAT,Diabetes prevalence (% of population ages 20 to 79),SH.STA.DIAB.ZS,,,,,,,,,,,,,,,,,,,,,,,,,,,,,,,,,,,,,,,,,,,,,,,,,,,,,,,,,,16.52
Romania,ROU,Diabetes prevalence (% of population ages 20 to 79),SH.STA.DIAB.ZS,,,,,,,,,,,,,,,,,,,,,,,,,,,,,,,,,,,,,,,,,,,,,,,,,,,,,,,,,,9.74
Russian Federation,RUS,Diabetes prevalence (% of population ages 20 to 79),SH.STA.DIAB.ZS,,,,,,,,,,,,,,,,,,,,,,,,,,,,,,,,,,,,,,,,,,,,,,,,,,,,,,,,,,6.18
Rwanda,RWA,Diabetes prevalence (% of population ages 20 to 79),SH.STA.DIAB.ZS,,,,,,,,,,,,,,,,,,,,,,,,,,,,,,,,,,,,,,,,,,,,,,,,,,,,,,,,,,4.28
South Asia,SAS,Diabetes prevalence (% of population ages 20 to 79),SH.STA.DIAB.ZS,,,,,,,,,,,,,,,,,,,,,,,,,,,,,,,,,,,,,,,,,,,,,,,,,,,,,,,,,,9.937835043
Saudi Arabia,SAU,Diabetes prevalence (% of population ages 20 to 79),SH.STA.DIAB.ZS,,,,,,,,,,,,,,,,,,,,,,,,,,,,,,,,,,,,,,,,,,,,,,,,,,,,,,,,,,17.72
Sudan,SDN,Diabetes prevalence (% of population ages 20 to 79),SH.STA.DIAB.ZS,,,,,,,,,,,,,,,,,,,,,,,,,,,,,,,,,,,,,,,,,,,,,,,,,,,,,,,,,,15.67
Senegal,SEN,Diabetes prevalence (% of population ages 20 to 79),SH.STA.DIAB.ZS,,,,,,,,,,,,,,,,,,,,,,,,,,,,,,,,,,,,,,,,,,,,,,,,,,,,,,,,,,2.42
Singapore,SGP,Diabetes prevalence (% of population ages 20 to 79),SH.STA.DIAB.ZS,,,,,,,,,,,,,,,,,,,,,,,,,,,,,,,,,,,,,,,,,,,,,,,,,,,,,,,,,,10.99
Solomon Islands,SLB,Diabetes prevalence (% of population ages 20 to 79),SH.STA.DIAB.ZS,,,,,,,,,,,,,,,,,,,,,,,,,,,,,,,,,,,,,,,,,,,,,,,,,,,,,,,,,,18.68
Sierra Leone,SLE,Diabetes prevalence (% of population ages 20 to 79),SH.STA.DIAB.ZS,,,,,,,,,,,,,,,,,,,,,,,,,,,,,,,,,,,,,,,,,,,,,,,,,,,,,,,,,,2.42
El Salvador,SLV,Diabetes prevalence (% of population ages 20 to 79),SH.STA.DIAB.ZS,,,,,,,,,,,,,,,,,,,,,,,,,,,,,,,,,,,,,,,,,,,,,,,,,,,,,,,,,,8.87
San Marino,SMR,Diabetes prevalence (% of population ages 20 to 79),SH.STA.DIAB.ZS,,,,,,,,,,,,,,,,,,,,,,,,,,,,,,,,,,,,,,,,,,,,,,,,,,,,,,,,,,5.64
Somalia,SOM,Diabetes prevalence (% of population ages 20 to 79),SH.STA.DIAB.ZS,,,,,,,,,,,,,,,,,,,,,,,,,,,,,,,,,,,,,,,,,,,,,,,,,,,,,,,,,,6.05
Serbia,SRB,Diabetes prevalence (% of population ages 20 to 79),SH.STA.DIAB.ZS,,,,,,,,,,,,,,,,,,,,,,,,,,,,,,,,,,,,,,,,,,,,,,,,,,,,,,,,,,10.08
Sub-Saharan Africa (excluding high income),SSA,Diabetes prevalence (% of population ages 20 to 79),SH.STA.DIAB.ZS,,,,,,,,,,,,,,,,,,,,,,,,,,,,,,,,,,,,,,,,,,,,,,,,,,,,,,,,,,4.847184939
South Sudan,SSD,Diabetes prevalence (% of population ages 20 to 79),SH.STA.DIAB.ZS,,,,,,,,,,,,,,,,,,,,,,,,,,,,,,,,,,,,,,,,,,,,,,,,,,,,,,,,,,10.43
Sub-Saharan Africa,SSF,Diabetes prevalence (% of population ages 20 to 79),SH.STA.DIAB.ZS,,,,,,,,,,,,,,,,,,,,,,,,,,,,,,,,,,,,,,,,,,,,,,,,,,,,,,,,,,4.84788374
Small states,SST,Diabetes prevalence (% of population ages 20 to 79),SH.STA.DIAB.ZS,,,,,,,,,,,,,,,,,,,,,,,,,,,,,,,,,,,,,,,,,,,,,,,,,,,,,,,,,,9.367269907
Sao Tome and Principe,STP,Diabetes prevalence (% of population ages 20 to 79),SH.STA.DIAB.ZS,,,,,,,,,,,,,,,,,,,,,,,,,,,,,,,,,,,,,,,,,,,,,,,,,,,,,,,,,,2.42
Suriname,SUR,Diabetes prevalence (% of population ages 20 to 79),SH.STA.DIAB.ZS,,,,,,,,,,,,,,,,,,,,,,,,,,,,,,,,,,,,,,,,,,,,,,,,,,,,,,,,,,12.54
Slovak Republic,SVK,Diabetes prevalence (% of population ages 20 to 79),SH.STA.DIAB.ZS,,,,,,,,,,,,,,,,,,,,,,,,,,,,,,,,,,,,,,,,,,,,,,,,,,,,,,,,,,7.29
Slovenia,SVN,Diabetes prevalence (% of population ages 20 to 79),SH.STA.DIAB.ZS,,,,,,,,,,,,,,,,,,,,,,,,,,,,,,,,,,,,,,,,,,,,,,,,,,,,,,,,,,7.25
Sweden,SWE,Diabetes prevalence (% of population ages 20 to 79),SH.STA.DIAB.ZS,,,,,,,,,,,,,,,,,,,,,,,,,,,,,,,,,,,,,,,,,,,,,,,,,,,,,,,,,,4.79
Eswatini,SWZ,Diabetes prevalence (% of population ages 20 to 79),SH.STA.DIAB.ZS,,,,,,,,,,,,,,,,,,,,,,,,,,,,,,,,,,,,,,,,,,,,,,,,,,,,,,,,,,3.94
Sint Maarten (Dutch part),SXM,Diabetes prevalence (% of population ages 20 to 79),SH.STA.DIAB.ZS,,,,,,,,,,,,,,,,,,,,,,,,,,,,,,,,,,,,,,,,,,,,,,,,,,,,,,,,,,
Seychelles,SYC,Diabetes prevalence (% of population ages 20 to 79),SH.STA.DIAB.ZS,,,,,,,,,,,,,,,,,,,,,,,,,,,,,,,,,,,,,,,,,,,,,,,,,,,,,,,,,,10.55
Syrian Arab Republic,SYR,Diabetes prevalence (% of population ages 20 to 79),SH.STA.DIAB.ZS,,,,,,,,,,,,,,,,,,,,,,,,,,,,,,,,,,,,,,,,,,,,,,,,,,,,,,,,,,8.23
Turks and Caicos Islands,TCA,Diabetes prevalence (% of population ages 20 to 79),SH.STA.DIAB.ZS,,,,,,,,,,,,,,,,,,,,,,,,,,,,,,,,,,,,,,,,,,,,,,,,,,,,,,,,,,
Chad,TCD,Diabetes prevalence (% of population ages 20 to 79),SH.STA.DIAB.ZS,,,,,,,,,,,,,,,,,,,,,,,,,,,,,,,,,,,,,,,,,,,,,,,,,,,,,,,,,,6.1
East Asia & Pacific (IDA & IBRD countries),TEA,Diabetes prevalence (% of population ages 20 to 79),SH.STA.DIAB.ZS,,,,,,,,,,,,,,,,,,,,,,,,,,,,,,,,,,,,,,,,,,,,,,,,,,,,,,,,,,8.901650928
Europe & Central Asia (IDA & IBRD countries),TEC,Diabetes prevalence (% of population ages 20 to 79),SH.STA.DIAB.ZS,,,,,,,,,,,,,,,,,,,,,,,,,,,,,,,,,,,,,,,,,,,,,,,,,,,,,,,,,,7.705083972
Togo,TGO,Diabetes prevalence (% of population ages 20 to 79),SH.STA.DIAB.ZS,,,,,,,,,,,,,,,,,,,,,,,,,,,,,,,,,,,,,,,,,,,,,,,,,,,,,,,,,,6.15
Thailand,THA,Diabetes prevalence (% of population ages 20 to 79),SH.STA.DIAB.ZS,,,,,,,,,,,,,,,,,,,,,,,,,,,,,,,,,,,,,,,,,,,,,,,,,,,,,,,,,,7.04
Tajikistan,TJK,Diabetes prevalence (% of population ages 20 to 79),SH.STA.DIAB.ZS,,,,,,,,,,,,,,,,,,,,,,,,,,,,,,,,,,,,,,,,,,,,,,,,,,,,,,,,,,7.11
Turkmenistan,TKM,Diabetes prevalence (% of population ages 20 to 79),SH.STA.DIAB.ZS,,,,,,,,,,,,,,,,,,,,,,,,,,,,,,,,,,,,,,,,,,,,,,,,,,,,,,,,,,7.11
Latin America & the Caribbean (IDA & IBRD countries),TLA,Diabetes prevalence (% of population ages 20 to 79),SH.STA.DIAB.ZS,,,,,,,,,,,,,,,,,,,,,,,,,,,,,,,,,,,,,,,,,,,,,,,,,,,,,,,,,,8.700367728
Timor-Leste,TLS,Diabetes prevalence (% of population ages 20 to 79),SH.STA.DIAB.ZS,,,,,,,,,,,,,,,,,,,,,,,,,,,,,,,,,,,,,,,,,,,,,,,,,,,,,,,,,,6.86
Middle East & North Africa (IDA & IBRD countries),TMN,Diabetes prevalence (% of population ages 20 to 79),SH.STA.DIAB.ZS,,,,,,,,,,,,,,,,,,,,,,,,,,,,,,,,,,,,,,,,,,,,,,,,,,,,,,,,,,10.63166132
Tonga,TON,Diabetes prevalence (% of population ages 20 to 79),SH.STA.DIAB.ZS,,,,,,,,,,,,,,,,,,,,,,,,,,,,,,,,,,,,,,,,,,,,,,,,,,,,,,,,,,15.42
South Asia (IDA & IBRD),TSA,Diabetes prevalence (% of population ages 20 to 79),SH.STA.DIAB.ZS,,,,,,,,,,,,,,,,,,,,,,,,,,,,,,,,,,,,,,,,,,,,,,,,,,,,,,,,,,9.937835043
Sub-Saharan Africa (IDA & IBRD countries),TSS,Diabetes prevalence (% of population ages 20 to 79),SH.STA.DIAB.ZS,,,,,,,,,,,,,,,,,,,,,,,,,,,,,,,,,,,,,,,,,,,,,,,,,,,,,,,,,,4.84788374
Trinidad and Tobago,TTO,Diabetes prevalence (% of population ages 20 to 79),SH.STA.DIAB.ZS,,,,,,,,,,,,,,,,,,,,,,,,,,,,,,,,,,,,,,,,,,,,,,,,,,,,,,,,,,10.97
Tunisia,TUN,Diabetes prevalence (% of population ages 20 to 79),SH.STA.DIAB.ZS,,,,,,,,,,,,,,,,,,,,,,,,,,,,,,,,,,,,,,,,,,,,,,,,,,,,,,,,,,8.52
Turkey,TUR,Diabetes prevalence (% of population ages 20 to 79),SH.STA.DIAB.ZS,,,,,,,,,,,,,,,,,,,,,,,,,,,,,,,,,,,,,,,,,,,,,,,,,,,,,,,,,,12.13
Tuvalu,TUV,Diabetes prevalence (% of population ages 20 to 79),SH.STA.DIAB.ZS,,,,,,,,,,,,,,,,,,,,,,,,,,,,,,,,,,,,,,,,,,,,,,,,,,,,,,,,,,27.25
Tanzania,TZA,Diabetes prevalence (% of population ages 20 to 79),SH.STA.DIAB.ZS,,,,,,,,,,,,,,,,,,,,,,,,,,,,,,,,,,,,,,,,,,,,,,,,,,,,,,,,,,5.75
Uganda,UGA,Diabetes prevalence (% of population ages 20 to 79),SH.STA.DIAB.ZS,,,,,,,,,,,,,,,,,,,,,,,,,,,,,,,,,,,,,,,,,,,,,,,,,,,,,,,,,,2.5
Ukraine,UKR,Diabetes prevalence (% of population ages 20 to 79),SH.STA.DIAB.ZS,,,,,,,,,,,,,,,,,,,,,,,,,,,,,,,,,,,,,,,,,,,,,,,,,,,,,,,,,,7.11
Upper middle income,UMC,Diabetes prevalence (% of population ages 20 to 79),SH.STA.DIAB.ZS,,,,,,,,,,,,,,,,,,,,,,,,,,,,,,,,,,,,,,,,,,,,,,,,,,,,,,,,,,9.283963921
Uruguay,URY,Diabetes prevalence (% of population ages 20 to 79),SH.STA.DIAB.ZS,,,,,,,,,,,,,,,,,,,,,,,,,,,,,,,,,,,,,,,,,,,,,,,,,,,,,,,,,,6.93
United States,USA,Diabetes prevalence (% of population ages 20 to 79),SH.STA.DIAB.ZS,,,,,,,,,,,,,,,,,,,,,,,,,,,,,,,,,,,,,,,,,,,,,,,,,,,,,,,,,,10.79
Uzbekistan,UZB,Diabetes prevalence (% of population ages 20 to 79),SH.STA.DIAB.ZS,,,,,,,,,,,,,,,,,,,,,,,,,,,,,,,,,,,,,,,,,,,,,,,,,,,,,,,,,,7.57
St. Vincent and the Grenadines,VCT,Diabetes prevalence (% of population ages 20 to 79),SH.STA.DIAB.ZS,,,,,,,,,,,,,,,,,,,,,,,,,,,,,,,,,,,,,,,,,,,,,,,,,,,,,,,,,,11.62
"Venezuela, RB",VEN,Diabetes prevalence (% of population ages 20 to 79),SH.STA.DIAB.ZS,,,,,,,,,,,,,,,,,,,,,,,,,,,,,,,,,,,,,,,,,,,,,,,,,,,,,,,,,,6.47
British Virgin Islands,VGB,Diabetes prevalence (% of population ages 20 to 79),SH.STA.DIAB.ZS,,,,,,,,,,,,,,,,,,,,,,,,,,,,,,,,,,,,,,,,,,,,,,,,,,,,,,,,,,13.67
Virgin Islands (U.S.),VIR,Diabetes prevalence (% of population ages 20 to 79),SH.STA.DIAB.ZS,,,,,,,,,,,,,,,,,,,,,,,,,,,,,,,,,,,,,,,,,,,,,,,,,,,,,,,,,,12.26
Vietnam,VNM,Diabetes prevalence (% of population ages 20 to 79),SH.STA.DIAB.ZS,,,,,,,,,,,,,,,,,,,,,,,,,,,,,,,,,,,,,,,,,,,,,,,,,,,,,,,,,,6
Vanuatu,VUT,Diabetes prevalence (% of population ages 20 to 79),SH.STA.DIAB.ZS,,,,,,,,,,,,,,,,,,,,,,,,,,,,,,,,,,,,,,,,,,,,,,,,,,,,,,,,,,12.02
World,WLD,Diabetes prevalence (% of population ages 20 to 79),SH.STA.DIAB.ZS,,,,,,,,,,,,,,,,,,,,,,,,,,,,,,,,,,,,,,,,,,,,,,,,,,,,,,,,,,8.509629683
Samoa,WSM,Diabetes prevalence (% of population ages 20 to 79),SH.STA.DIAB.ZS,,,,,,,,,,,,,,,,,,,,,,,,,,,,,,,,,,,,,,,,,,,,,,,,,,,,,,,,,,9.21
Kosovo,XKX,Diabetes prevalence (% of population ages 20 to 79),SH.STA.DIAB.ZS,,,,,,,,,,,,,,,,,,,,,,,,,,,,,,,,,,,,,,,,,,,,,,,,,,,,,,,,,,
"Yemen, Rep.",YEM,Diabetes prevalence (% of population ages 20 to 79),SH.STA.DIAB.ZS,,,,,,,,,,,,,,,,,,,,,,,,,,,,,,,,,,,,,,,,,,,,,,,,,,,,,,,,,,5.35
South Africa,ZAF,Diabetes prevalence (% of population ages 20 to 79),SH.STA.DIAB.ZS,,,,,,,,,,,,,,,,,,,,,,,,,,,,,,,,,,,,,,,,,,,,,,,,,,,,,,,,,,5.52
Zambia,ZMB,Diabetes prevalence (% of population ages 20 to 79),SH.STA.DIAB.ZS,,,,,,,,,,,,,,,,,,,,,,,,,,,,,,,,,,,,,,,,,,,,,,,,,,,,,,,,,,3.94
Zimbabwe,ZWE,Diabetes prevalence (% of population ages 20 to 79),SH.STA.DIAB.ZS,,,,,,,,,,,,,,,,,,,,,,,,,,,,,,,,,,,,,,,,,,,,,,,,,,,,,,,,,,1.82
